,No,ArrivingDate,ArrivingTime,ArrivingFlight,ArrivingDI,FlightType,DepartDate,DepartTime,DepartFlight,DepartDI,PreviousAirport,NextAirport,BinaryWN,ArrivingDay,DepartDay,ArrivingTimeIdx,DepartTimeIdx
0,PK001,19-Jan-18,10:00,NV6294,D,321,19-Jan-18,12:40,NV3118,I,QFL,NGN,N,19,19,120.0,152.0
1,PK002,19-Jan-18,10:00,NV898,D,33E,19-Jan-18,12:30,NV898,I,XOA,GDP,W,19,19,120.0,150.0
2,PK003,19-Jan-18,10:05,GN0471,D,73A,19-Jan-18,11:20,GN0460,D,AIB,AIB,N,19,19,121.0,136.0
3,PK004,19-Jan-18,10:05,NV6513,D,320,19-Jan-18,12:30,NV305,D,DUV,DUV,N,19,19,121.0,150.0
4,PK005,19-Jan-18,10:10,GN0411,D,73H,19-Jan-18,12:00,GN0236,D,TXB,SJA,N,19,19,122.0,144.0
5,PK006,19-Jan-18,10:10,NV6443,D,325,19-Jan-18,12:15,NV6144,I,TAY,JDO,N,19,19,122.0,147.0
6,PK007,19-Jan-18,10:15,NV3120,D,73H,19-Jan-18,11:15,NV3120,I,XVI,GTA,N,19,19,123.0,135.0
7,PK008,19-Jan-18,10:15,NV632,D,325,19-Jan-18,11:45,NV632,I,YJZ,OSU,N,19,19,123.0,141.0
8,PK009,19-Jan-18,10:20,GN0495,D,73A,19-Jan-18,11:30,GN0208,D,OOH,BPH,N,19,19,124.0,138.0
9,PK010,19-Jan-18,10:20,NV323,I,325,19-Jan-18,11:25,NV6390,D,NOM,AVI,N,19,19,124.0,137.0
10,PK011,19-Jan-18,10:20,NV687,I,325,19-Jan-18,11:25,NV618,I,IOE,ILH,N,19,19,124.0,137.0
11,PK012,19-Jan-18,10:25,NV6731,D,325,19-Jan-18,12:15,NV6118,I,ISC,UQF,N,19,19,125.0,147.0
12,PK013,19-Jan-18,10:25,NV820,D,320,19-Jan-18,11:35,NV820,I,MIX,OHP,N,19,19,125.0,139.0
13,PK014,19-Jan-18,10:30,GN0457,D,738,19-Jan-18,13:05,GN0656,D,DHP,XVU,N,19,19,126.0,157.0
14,PK015,19-Jan-18,10:30,NV858,D,73H,19-Jan-18,12:15,NV858,I,LNH,LJY,N,19,19,126.0,147.0
15,PK016,19-Jan-18,10:35,NV6713,D,320,19-Jan-18,12:25,NV6713,D,TIF,AIB,N,19,19,127.0,149.0
16,PK017,19-Jan-18,10:40,GN0271,D,73H,19-Jan-18,12:00,GN0492,D,DHR,LXM,N,19,19,128.0,144.0
17,PK018,19-Jan-18,10:40,NV303,I,320,19-Jan-18,12:30,NV303,D,OHP,YJZ,N,19,19,128.0,150.0
18,PK019,19-Jan-18,10:45,NV643,I,320,19-Jan-18,12:05,NV6770,D,GVL,EMD,N,19,19,129.0,145.0
19,PK020,19-Jan-18,11:00,NV305,I,319,19-Jan-18,12:15,NV6316,D,IJK,ITO,N,19,19,132.0,147.0
20,PK021,19-Jan-18,11:00,NV6148,D,320,19-Jan-18,12:20,NV6148,I,DUV,DKV,N,19,19,132.0,148.0
21,PK022,19-Jan-18,11:00,NV639,I,319,19-Jan-18,12:50,NV3194,D,PLK,UTO,N,19,19,132.0,154.0
22,PK023,19-Jan-18,11:00,NV6785,D,320,19-Jan-18,12:15,NV614,I,EMD,ILH,N,19,19,132.0,147.0
23,PK024,19-Jan-18,11:20,NV6535,D,320,19-Jan-18,13:05,NV6488,D,DLH,TZY,N,19,19,136.0,157.0
24,PK025,19-Jan-18,11:25,NV841,I,325,19-Jan-18,13:10,NV398,I,LJY,PLB,N,19,19,137.0,158.0
25,PK026,19-Jan-18,11:55,NV835,I,325,19-Jan-18,13:15,NV610,I,ILH,ILH,N,19,19,143.0,159.0
26,PK027,19-Jan-18,12:20,NV6749,D,320,19-Jan-18,13:25,NV6510,D,IEH,MZJ,N,19,19,148.0,161.0
27,PK028,19-Jan-18,12:20,NV867,D,33E,19-Jan-18,15:45,NV6116,I,LNH,UQF,W,19,19,148.0,189.0
28,PK029,19-Jan-18,12:25,GN0253,D,73A,19-Jan-18,13:35,GN0204,D,CQF,TIF,N,19,19,149.0,163.0
29,PK030,19-Jan-18,12:25,NV3703,I,73H,19-Jan-18,13:55,NV3703,D,OHP,XVI,N,19,19,149.0,167.0
30,PK031,19-Jan-18,12:40,GN0491,D,738,19-Jan-18,15:50,GN0326,D,LXM,AVI,N,19,19,152.0,190.0
31,PK032,19-Jan-18,12:55,NV674,D,33L,19-Jan-18,14:25,NV674,I,QFL,EFM,W,19,19,155.0,173.0
32,PK033,19-Jan-18,13:00,GN0201,D,73H,19-Jan-18,14:20,GN0250,D,KOA,YNO,N,19,19,156.0,172.0
33,PK034,19-Jan-18,13:05,NV3287,D,73E,19-Jan-18,16:30,NV6556,D,ARA,LXF,N,19,19,157.0,198.0
34,PK035,19-Jan-18,13:05,NV6165,I,323,19-Jan-18,14:10,NV6722,D,UBF,EMD,N,19,19,157.0,170.0
35,PK036,19-Jan-18,13:10,GN0235,D,73H,19-Jan-18,14:45,GN938,I,UWT,JDO,N,19,19,158.0,177.0
36,PK037,19-Jan-18,13:15,NV3266,D,325,19-Jan-18,14:15,NV3269,D,YJZ,YJZ,N,19,19,159.0,171.0
37,PK038,19-Jan-18,13:20,NV6155,I,320,19-Jan-18,14:25,NV6494,D,QVT,AZJ,N,19,19,160.0,173.0
38,PK039,19-Jan-18,13:25,NV6735,D,73E,19-Jan-18,14:30,NV6198,I,EMD,GVL,N,19,19,161.0,174.0
39,PK040,19-Jan-18,13:40,GN913,I,73H,19-Jan-18,19:30,GN942,I,UTB,ILU,N,19,19,164.0,234.0
40,PK041,19-Jan-18,13:40,NV6719,D,320,19-Jan-18,14:50,NV6718,D,IJB,TIF,N,19,19,164.0,178.0
41,PK042,19-Jan-18,13:50,GN932,D,738,19-Jan-18,14:55,GN932,I,DHP,LJY,N,19,19,166.0,179.0
42,PK043,19-Jan-18,13:50,NV383,I,321,19-Jan-18,15:30,NV383,D,OSU,QFL,N,19,19,166.0,186.0
43,PK044,19-Jan-18,13:55,NV6153,I,325,19-Jan-18,14:45,*****,D,JDO,***,N,19,19,167.0,177.0
44,PK045,19-Jan-18,13:55,NV6727,D,320,19-Jan-18,14:55,NV6762,D,ZLI,ZOK,N,19,19,167.0,179.0
45,PK046,19-Jan-18,14:10,NV6575,D,320,19-Jan-18,15:20,NV6574,D,IGF,IGF,N,19,19,170.0,184.0
46,PK047,19-Jan-18,14:20,NV3654,D,73E,19-Jan-18,15:25,NV6318,D,XVI,MAI,N,19,19,172.0,185.0
47,PK048,19-Jan-18,14:25,NV6171,I,325,19-Jan-18,16:15,NV6742,D,DKV,GPD,N,19,19,173.0,195.0
48,PK049,19-Jan-18,14:25,NV631,I,319,19-Jan-18,15:40,NV6378,D,OHT,ZCQ,N,19,19,173.0,188.0
49,PK050,19-Jan-18,14:30,NV387,I,319,19-Jan-18,16:30,NV6614,D,NZK,HZT,N,19,19,174.0,198.0
50,PK051,19-Jan-18,14:35,NV6359,D,320,19-Jan-18,15:35,NV6716,D,EBU,INJ,N,19,19,175.0,187.0
51,PK052,19-Jan-18,14:40,GN0477,D,73H,19-Jan-18,16:10,GN0638,D,ZJI,DBO,N,19,19,176.0,194.0
52,PK053,19-Jan-18,14:40,GN0573,D,73A,19-Jan-18,15:45,GN0246,D,XYO,CBW,N,19,19,176.0,189.0
53,PK054,19-Jan-18,14:40,NV656,D,33E,19-Jan-18,16:10,NV656,I,DHR,TJO,W,19,19,176.0,194.0
54,PK055,19-Jan-18,14:45,NV6711,D,325,19-Jan-18,17:10,NV686,I,GPD,IOE,N,19,19,177.0,206.0
55,PK056,19-Jan-18,14:50,GN953,I,73H,19-Jan-18,21:35,GN0560,D,CLL,LXF,N,19,19,178.0,259.0
56,PK057,19-Jan-18,14:50,NV613,I,321,19-Jan-18,16:15,NV616,I,ILH,ILH,N,19,19,178.0,195.0
57,PK058,19-Jan-18,14:50,NV6553,D,319,19-Jan-18,17:20,NV3273,D,EBY,YJZ,N,19,19,178.0,208.0
58,PK059,19-Jan-18,14:50,NV681,I,773,19-Jan-18,20:00,NV308,I,DEH,KGL,W,19,19,178.0,240.0
59,PK060,19-Jan-18,14:55,GN0283,D,73E,19-Jan-18,15:55,GN0362,D,ISC,IBL,N,19,19,179.0,191.0
60,PK061,19-Jan-18,14:55,GN0479,D,73E,19-Jan-18,16:05,GN0280,D,TIF,DHR,N,19,19,179.0,193.0
61,PK062,19-Jan-18,14:55,GN0523,D,73E,20-Jan-18,16:20,GN0256,D,NJH,ZDV,N,19,20,179.0,196.0
62,PK063,19-Jan-18,14:55,NV337,I,323,19-Jan-18,16:10,NV6374,D,LJY,ZOU,N,19,19,179.0,194.0
63,PK064,19-Jan-18,15:00,NV899,I,33E,19-Jan-18,20:20,NV672,I,GDP,TZE,W,19,19,180.0,244.0
64,PK065,19-Jan-18,15:00,*****,D,325,19-Jan-18,15:50,NV3465,D,***,MIX,N,19,19,180.0,190.0
65,PK066,19-Jan-18,15:10,GN0423,D,323,19-Jan-18,16:20,GN0642,D,DBO,IBL,N,19,19,182.0,196.0
66,PK067,19-Jan-18,15:15,NV629,I,73H,19-Jan-18,16:50,NV629,D,GVL,XVI,N,19,19,183.0,202.0
67,PK068,19-Jan-18,15:20,GN0203,D,738,19-Jan-18,16:10,*****,D,EMD,***,N,19,19,184.0,194.0
68,PK069,19-Jan-18,15:20,NV382,D,321,19-Jan-18,16:55,NV382,I,QFL,OSU,N,19,19,184.0,203.0
69,PK070,19-Jan-18,15:25,NV6453,D,323,19-Jan-18,16:45,NV0746,D,TAY,LXM,N,19,19,185.0,201.0
70,PK071,19-Jan-18,15:30,NV657,I,33E,19-Jan-18,19:45,NV848,I,TJO,NFM,W,19,19,186.0,237.0
71,PK072,19-Jan-18,15:35,GN0497,D,73L,20-Jan-18,17:05,GN0644,D,OOH,YNO,N,19,20,187.0,205.0
72,PK073,19-Jan-18,15:35,NV641,I,320,19-Jan-18,16:40,NV6736,D,OHP,EMD,N,19,19,187.0,200.0
73,PK074,19-Jan-18,15:35,NV6537,D,320,19-Jan-18,16:50,NV6768,D,DLH,IEH,N,19,19,187.0,202.0
74,PK075,19-Jan-18,15:35,NV669,I,319,19-Jan-18,17:40,NV304,I,LNR,IJK,N,19,19,187.0,212.0
75,PK076,19-Jan-18,15:40,GN965,I,73H,19-Jan-18,18:00,GN0454,D,CLL,EZH,N,19,19,188.0,216.0
76,PK077,19-Jan-18,15:40,NV6173,I,323,19-Jan-18,17:05,NV6462,D,JDO,TAY,N,19,19,188.0,205.0
77,PK078,19-Jan-18,15:45,NV302,D,320,19-Jan-18,17:15,NV302,I,YJZ,OHP,N,19,19,189.0,207.0
78,PK079,19-Jan-18,15:55,NV627,I,73E,19-Jan-18,19:15,NV3787,D,LJY,ZJI,N,19,19,191.0,231.0
79,PK080,19-Jan-18,15:55,NV6657,D,325,19-Jan-18,18:10,NV830,I,ZOU,LJY,N,19,19,191.0,218.0
80,PK081,19-Jan-18,15:55,NV813,I,320,19-Jan-18,17:35,NV6726,D,ILH,ZLI,N,19,19,191.0,211.0
81,PK082,19-Jan-18,16:05,NV6715,D,320,19-Jan-18,17:40,NV6710,D,TIF,IJB,N,19,19,193.0,212.0
82,PK083,19-Jan-18,16:15,NV3260,D,320,19-Jan-18,18:05,NV3277,D,YJZ,YJZ,N,19,19,195.0,217.0
83,PK084,19-Jan-18,16:15,NV6149,I,320,19-Jan-18,18:00,NV6149,D,DKV,DUV,N,19,19,195.0,216.0
84,PK085,19-Jan-18,16:20,NV6377,D,319,19-Jan-18,20:00,NV6486,D,CIZ,EZH,N,19,19,196.0,240.0
85,PK086,19-Jan-18,16:20,NV683,I,33L,19-Jan-18,17:20,NV682,I,IOM,IOM,W,19,19,196.0,208.0
86,PK087,19-Jan-18,16:30,NV3197,I,325,19-Jan-18,17:30,NV6162,I,PLB,JDO,N,19,19,198.0,210.0
87,PK088,19-Jan-18,16:30,NV3702,D,73H,19-Jan-18,18:00,NV3702,I,XVI,OHP,N,19,19,198.0,216.0
88,PK089,19-Jan-18,16:30,NV663,I,33H,20-Jan-18,13:30,NV692,I,MIS,ZWS,W,19,20,198.0,162.0
89,PK090,19-Jan-18,16:35,NV304,D,325,19-Jan-18,18:30,NV834,I,DUV,ILH,N,19,19,199.0,222.0
90,PK091,19-Jan-18,16:35,NV635,I,773,19-Jan-18,21:00,NV688,I,OSU,MBY,W,19,19,199.0,252.0
91,PK092,19-Jan-18,16:50,GN0637,D,738,19-Jan-18,17:55,GN0636,D,XOA,XOA,N,19,19,202.0,215.0
92,PK093,19-Jan-18,16:55,NV391,I,33L,19-Jan-18,20:40,NV658,I,DUT,CLL,W,19,19,203.0,248.0
93,PK094,19-Jan-18,16:55,NV693,I,33H,20-Jan-18,13:00,NV662,I,ZWS,MIS,W,19,20,203.0,156.0
94,PK095,19-Jan-18,17:00,*****,D,738,19-Jan-18,17:50,GN0332,D,***,MIX,N,19,19,204.0,214.0
95,PK096,19-Jan-18,17:05,NV6781,D,320,19-Jan-18,18:10,NV642,I,EMD,GVL,N,19,19,205.0,218.0
96,PK097,19-Jan-18,17:10,NV6119,I,325,19-Jan-18,20:55,NV6720,D,UQF,ISC,N,19,19,206.0,251.0
97,PK098,19-Jan-18,17:20,GN0299,D,738,19-Jan-18,18:20,GN976,I,TIF,LCW,N,19,19,208.0,220.0
98,PK099,19-Jan-18,17:20,GN0333,D,738,19-Jan-18,20:05,GN0452,D,MIX,EZH,N,19,19,208.0,241.0
99,PK100,19-Jan-18,17:30,NV6145,I,325,19-Jan-18,20:00,NV860,I,JDO,QOI,N,19,19,210.0,240.0
100,PK101,19-Jan-18,17:30,NV619,I,325,19-Jan-18,18:40,NV624,I,ILH,SFQ,N,19,19,210.0,224.0
101,PK102,19-Jan-18,17:35,GN0209,D,73A,20-Jan-18,13:50,GN0658,D,BPH,UHP,N,19,20,211.0,166.0
102,PK103,19-Jan-18,17:40,NV6301,D,325,21-Jan-18, 8:5,NV3263,D,AVI,YJZ,N,19,21,212.0,97.0
103,PK104,19-Jan-18,17:50,NV697,I,773,20-Jan-18, 0:20,NV840,I,MBY,NFM,W,19,20,214.0,4.0
104,PK105,19-Jan-18,17:55,NV3786,D,73E,19-Jan-18,19:30,NV3631,D,ZJI,XVI,N,19,19,215.0,234.0
105,PK106,19-Jan-18,17:55,NV6489,D,773,20-Jan-18, 0:55,NV880,I,TZY,BLM,W,19,20,215.0,11.0
106,PK107,19-Jan-18,18:00,NV601,I,773,20-Jan-18, 0:5,NV664,I,TGP,DEH,W,19,20,216.0,1.0
107,PK108,19-Jan-18,18:05,NV821,I,33H,20-Jan-18, 0:20,NV608,I,NBE,ZWS,W,19,20,217.0,4.0
108,PK109,19-Jan-18,18:05,NV897,D,33H,21-Jan-18,13:00,NV662,I,YJZ,MIS,W,19,21,217.0,156.0
109,PK110,19-Jan-18,18:10,GN0461,D,73H,19-Jan-18,19:30,GN972,I,LXM,LVM,N,19,19,218.0,234.0
110,PK111,19-Jan-18,18:15,NV3131,I,73H,19-Jan-18,19:45,NV3131,D,GTA,XVI,N,19,19,219.0,237.0
111,PK112,19-Jan-18,18:20,NV6253,D,320,20-Jan-18,10:10,NV316,I,MMW,DOY,N,19,20,220.0,122.0
112,PK113,19-Jan-18,18:20,NV831,I,320,19-Jan-18,19:35,NV831,D,OHP,MIX,N,19,19,220.0,235.0
113,PK114,19-Jan-18,18:25,NV615,I,320,19-Jan-18,19:50,NV6784,D,ILH,EMD,N,19,19,221.0,238.0
114,PK115,19-Jan-18,18:30,NV3421,D,319,19-Jan-18,19:35,NV3410,D,YOO,YOO,N,19,19,222.0,235.0
115,PK116,19-Jan-18,18:30,NV6525,D,325,19-Jan-18,21:25,NV6472,D,DUV,TAY,N,19,19,222.0,257.0
116,PK117,19-Jan-18,18:35,NV6779,D,320,20-Jan-18, 7:45,NV6738,D,EMD,EMD,N,19,20,223.0,93.0
117,PK118,19-Jan-18,18:40,GN941,I,73H,19-Jan-18,19:45,GN978,I,QVT,CLJ,N,19,19,224.0,237.0
118,PK119,19-Jan-18,18:40,NV6703,D,319,19-Jan-18,19:30,*****,D,IAI,***,N,19,19,224.0,234.0
119,PK120,19-Jan-18,18:45,NV399,I,325,19-Jan-18,21:00,NV6312,D,PLB,IBL,N,19,19,225.0,252.0
120,PK121,19-Jan-18,18:50,GN0465,D,738,19-Jan-18,21:20,GN0428,D,XFI,DBO,N,19,19,226.0,256.0
121,PK122,19-Jan-18,18:50,GN951,I,73H,19-Jan-18,20:00,GN968,I,CLL,ILU,N,19,19,226.0,240.0
122,PK123,19-Jan-18,18:55,GN0287,D,738,19-Jan-18,21:10,GN0287,D,DHR,LXM,N,19,19,227.0,254.0
123,PK124,19-Jan-18,18:55,NV6663,D,320,19-Jan-18,23:10,NV6156,I,MZJ,DSL,N,19,19,227.0,278.0
124,PK125,19-Jan-18,18:55,NV859,I,73H,19-Jan-18,21:00,NV859,D,LJY,LNH,N,19,19,227.0,252.0
125,PK126,19-Jan-18,19:10,GN0641,D,738,19-Jan-18,21:00,GN946,I,XOA,IOE,N,19,19,230.0,252.0
126,PK127,19-Jan-18,19:15,NV3119,I,321,19-Jan-18,21:15,NV6297,D,NGN,QFL,N,19,19,231.0,255.0
127,PK128,19-Jan-18,19:15,NV6714,D,320,19-Jan-18,21:25,NV6714,D,AIB,TIF,N,19,19,231.0,257.0
128,PK129,19-Jan-18,19:20,NV319,I,773,20-Jan-18, 0:5,NV846,I,ZZA,TZE,W,19,20,232.0,1.0
129,PK130,19-Jan-18,19:30,NV6199,I,73E,19-Jan-18,21:30,NV3655,D,GVL,XVI,N,19,19,234.0,258.0
130,PK131,19-Jan-18,19:30,NV673,I,33E,20-Jan-18, 0:10,NV320,I,TZE,GSB,W,19,20,234.0,2.0
131,PK132,19-Jan-18,19:30,NV699,I,773,19-Jan-18,21:40,NV699,D,KGL,GPD,W,19,19,234.0,260.0
132,PK133,19-Jan-18,19:35,NV633,I,325,19-Jan-18,21:05,NV633,D,OSU,YJZ,N,19,19,235.0,253.0
133,PK134,19-Jan-18,19:40,NV3622,D,319,19-Jan-18,21:10,NV836,I,XVI,ILH,N,19,19,236.0,254.0
134,PK135,19-Jan-18,19:40,NV849,I,33E,19-Jan-18,23:30,NV654,I,NFM,TJO,W,19,19,236.0,282.0
135,PK136,19-Jan-18,19:50,NV6753,D,319,20-Jan-18, 8:15,NV6358,D,EMD,EBU,N,19,20,238.0,99.0
136,PK137,19-Jan-18,20:00,GN939,I,73H,19-Jan-18,21:05,GN0260,D,JDO,DHR,N,19,19,240.0,253.0
137,PK138,19-Jan-18,20:00,NV6324,D,73H,19-Jan-18,21:00,NV6325,D,UZO,UZO,N,19,19,240.0,252.0
138,PK139,19-Jan-18,20:00,NV6527,D,320,19-Jan-18,21:30,NV6528,D,DUV,DUV,N,19,19,240.0,258.0
139,PK140,19-Jan-18,20:00,NV827,I,33E,19-Jan-18,21:55,NV826,I,COF,COF,W,19,19,240.0,263.0
140,PK141,19-Jan-18,20:05,GN0205,D,73A,19-Jan-18,21:00,GN0494,D,TIF,OOH,N,19,19,241.0,252.0
141,PK142,19-Jan-18,20:10,GN0237,D,73H,20-Jan-18,10:40,GN920,I,SJA,UTB,N,19,20,242.0,128.0
142,PK143,19-Jan-18,20:10,GN0261,D,73H,19-Jan-18,21:05,GN0300,D,YNO,TXB,N,19,19,242.0,253.0
143,PK144,19-Jan-18,20:10,NV621,I,325,20-Jan-18, 1:50,NV322,I,ILH,NOM,N,19,20,242.0,22.0
144,PK145,19-Jan-18,20:10,NV6317,D,319,20-Jan-18,13:55,NV6540,D,ITO,UTO,N,19,20,242.0,167.0
145,PK146,19-Jan-18,20:15,NV6551,D,320,19-Jan-18,21:05,NV6544,D,UTO,DLH,N,19,19,243.0,253.0
146,PK147,19-Jan-18,20:15,NV6725,D,320,20-Jan-18, 8:20,NV6724,D,ISC,ISC,N,19,20,243.0,100.0
147,PK148,19-Jan-18,20:20,NV6549,D,319,20-Jan-18, 9:30,NV306,I,OBP,LJK,N,19,20,244.0,114.0
148,PK149,19-Jan-18,20:25,NV317,I,320,20-Jan-18, 0:15,NV6134,I,DOY,DFC,N,19,20,245.0,3.0
149,PK150,19-Jan-18,20:25,NV3278,D,325,20-Jan-18, 6:40,NV3446,D,YJZ,YJZ,N,19,20,245.0,80.0
150,PK151,19-Jan-18,20:30,NV6117,I,33E,20-Jan-18,10:05,NV866,D,UQF,LNH,W,19,20,246.0,121.0
151,PK152,19-Jan-18,20:30,NV6578,D,320,19-Jan-18,21:35,NV6578,D,TZY,IGF,N,19,19,246.0,259.0
152,PK153,19-Jan-18,20:30,NV6772,D,325,19-Jan-18,22:05,NV6772,D,GPD,EMD,N,19,19,246.0,265.0
153,PK154,19-Jan-18,20:40,*****,D,319,19-Jan-18,21:30,NV6478,D,***,DTY,N,19,19,248.0,258.0
154,PK155,19-Jan-18,20:45,NV6375,D,323,20-Jan-18, 9:0,NV6230,D,ZOU,QFL,N,19,20,249.0,108.0
155,PK156,19-Jan-18,21:00,NV6495,D,320,20-Jan-18, 8:0,NV6154,I,AZJ,QVT,N,19,20,252.0,96.0
156,PK157,19-Jan-18,21:00,NV6633,D,320,19-Jan-18,22:10,NV6632,D,UBP,UBP,N,19,19,252.0,266.0
157,PK158,19-Jan-18,21:00,NV6811,D,320,19-Jan-18,22:20,NV6811,D,VSD,OHC,N,19,19,252.0,268.0
158,PK159,19-Jan-18,21:05,NV651,I,33E,20-Jan-18,12:30,NV898,I,IOE,GDP,W,19,20,253.0,150.0
159,PK160,19-Jan-18,21:05,NV6642,D,320,19-Jan-18,22:20,NV6642,D,TIF,LIO,N,19,19,253.0,268.0
160,PK161,19-Jan-18,21:10,NV6643,D,320,19-Jan-18,22:00,NV392,I,LIO,THO,N,19,19,254.0,264.0
161,PK162,19-Jan-18,21:15,GN0409,D,738,19-Jan-18,22:40,GN0368,D,DTY,YNO,N,19,19,255.0,272.0
162,PK163,19-Jan-18,21:15,GN933,I,738,19-Jan-18,22:45,GN933,D,LJY,DHP,N,19,19,255.0,273.0
163,PK164,19-Jan-18,21:20,GN0629,D,738,19-Jan-18,22:20,GN0620,D,XOA,XOA,N,19,19,256.0,268.0
164,PK165,19-Jan-18,21:20,NV6699,D,320,20-Jan-18, 8:55,NV336,I,GPD,LJY,N,19,20,256.0,107.0
165,PK166,19-Jan-18,21:30,GN997,I,73H,19-Jan-18,22:30,GN952,I,LVM,CLL,N,19,19,258.0,270.0
166,PK167,19-Jan-18,21:30,NV679,I,33E,19-Jan-18,22:20,*****,D,TJO,***,W,19,19,258.0,268.0
167,PK168,19-Jan-18,21:40,NV6241,D,325,20-Jan-18, 9:25,NV6376,D,QFL,CIZ,N,19,20,260.0,113.0
168,PK169,19-Jan-18,21:45,NV6737,D,320,19-Jan-18,22:50,NV3993,D,EMD,OLH,N,19,19,261.0,274.0
169,PK170,19-Jan-18,21:50,NV3270,D,321,20-Jan-18, 8:5,NV3263,D,YJZ,YJZ,N,19,20,262.0,97.0
170,PK171,19-Jan-18,21:50,NV6319,D,73E,20-Jan-18, 8:30,NV6734,D,MAI,EMD,N,19,20,262.0,102.0
171,PK172,19-Jan-18,22:00,GN0257,D,73H,19-Jan-18,22:50,*****,D,ZDV,***,N,19,19,264.0,274.0
172,PK173,19-Jan-18,22:00,GN0541,D,738,20-Jan-18, 6:40,GN0480,D,IOZ,LXM,N,19,20,264.0,80.0
173,PK174,19-Jan-18,22:00,NV6405,D,320,20-Jan-18, 9:55,NV3280,D,DHP,ZOU,N,19,20,264.0,119.0
174,PK175,19-Jan-18,22:05,GN0489,D,73E,20-Jan-18, 7:30,GN0282,D,LXM,ISC,N,19,20,265.0,90.0
175,PK176,19-Jan-18,22:05,NV3553,D,320,19-Jan-18,23:15,NV6652,D,UOB,UOB,N,19,19,265.0,279.0
176,PK177,19-Jan-18,22:05,NV6769,D,320,20-Jan-18, 8:35,NV612,I,IEH,ILH,N,19,20,265.0,103.0
177,PK178,19-Jan-18,22:10,GN945,I,73H,20-Jan-18, 9:40,GN0476,D,CLL,ZJI,N,19,20,266.0,116.0
178,PK179,19-Jan-18,22:15,NV6763,D,320,20-Jan-18, 6:40,NV6748,D,ZOK,IEH,N,19,20,267.0,80.0
179,PK180,19-Jan-18,22:25,GN0247,D,73A,20-Jan-18, 6:55,GN0252,D,CBW,CQF,N,19,20,269.0,83.0
180,PK181,19-Jan-18,22:25,GN0645,D,325,20-Jan-18, 8:55,GN0478,D,YNO,TIF,N,19,20,269.0,107.0
181,PK182,19-Jan-18,22:30,GN0291,D,73E,20-Jan-18, 8:0,GN0522,D,DHR,NJH,N,19,20,270.0,96.0
182,PK183,19-Jan-18,22:30,GN0639,D,73H,20-Jan-18, 9:10,GN912,I,DBO,UTB,N,19,20,270.0,110.0
183,PK184,19-Jan-18,22:45,NV0747,D,323,20-Jan-18, 9:5,NV6446,D,LXM,TAY,N,19,20,273.0,109.0
184,PK185,19-Jan-18,22:50,NV617,I,321,20-Jan-18, 8:55,NV6616,D,ILH,GPD,N,19,20,274.0,107.0
185,PK186,19-Jan-18,22:50,NV6379,D,319,20-Jan-18, 9:50,NV872,I,ZCQ,LPK,N,19,20,274.0,118.0
186,PK187,19-Jan-18,22:55,NV6615,D,319,20-Jan-18, 8:25,NV6548,D,HZT,OBP,N,19,20,275.0,101.0
187,PK188,19-Jan-18,23:00,NV6557,D,73E,20-Jan-18, 6:55,NV3286,D,LXF,ARA,N,19,20,276.0,83.0
188,PK189,19-Jan-18,23:10,GN0285,D,73A,20-Jan-18, 9:25,GN936,I,KOH,UPZ,N,19,20,278.0,113.0
189,PK190,19-Jan-18,23:10,NV3464,D,325,20-Jan-18,10:15,NV6160,I,MIX,DKV,N,19,20,278.0,123.0
190,PK191,19-Jan-18,23:15,GN0363,D,73E,20-Jan-18, 9:0,GN0414,D,IBL,DBO,N,19,20,279.0,108.0
191,PK192,19-Jan-18,23:20,GN0455,D,73H,20-Jan-18, 7:35,GN0234,D,EZH,UWT,N,19,20,280.0,91.0
192,PK193,19-Jan-18,23:20,NV3447,D,319,20-Jan-18, 9:20,NV6504,D,YJZ,DLH,N,19,20,280.0,112.0
193,PK194,19-Jan-18,23:25,NV6471,D,323,20-Jan-18,11:10,NV6656,D,TAY,ZOU,N,19,20,281.0,134.0
194,PK195,19-Jan-18,23:30,NV3195,D,319,20-Jan-18, 9:5,NV6514,D,UTO,DUV,N,19,20,282.0,109.0
195,PK196,19-Jan-18,23:40,GN0643,D,323,20-Jan-18,14:10,NV6722,D,IBL,EMD,N,19,20,284.0,170.0
196,PK197,19-Jan-18,23:55,GN0405,D,73E,20-Jan-18, 9:25,GN0548,D,ETO,CBW,N,19,20,287.0,113.0
197,PK198,19-Jan-18, 0:15,GN0679,D,738,19-Jan-18, 1:5,*****,D,DHP,***,N,19,19,3.0,13.0
198,PK199,19-Jan-18, 0:15,NV6723,D,325,19-Jan-18, 1:5,*****,D,EMD,***,N,19,19,3.0,13.0
199,PK200,19-Jan-18, 0:20,GN967,I,738,19-Jan-18, 9:25,GN0630,D,CLL,XOA,N,19,19,4.0,113.0
200,PK201,19-Jan-18, 0:25,NV6201,D,319,19-Jan-18, 7:30,NV3615,D,MMG,XVI,N,19,19,5.0,90.0
201,PK202,19-Jan-18, 1:30,NV6487,D,319,19-Jan-18, 8:20,NV6552,D,EZH,EBY,N,19,19,18.0,100.0
202,PK203,19-Jan-18, 1:35,GN0453,D,738,19-Jan-18,10:25,GN0628,D,EZH,XOA,N,19,19,19.0,125.0
203,PK204,19-Jan-18, 1:45,GN0659,D,73A,19-Jan-18, 9:5,GN0572,D,UHP,XYO,N,19,19,21.0,109.0
204,PK205,19-Jan-18, 4:10,NV677,I,332,19-Jan-18,17:10,NV6170,I,TJO,DHL,W,19,19,50.0,206.0
205,PK206,19-Jan-18, 4:25,NV625,I,325,19-Jan-18, 9:15,NV6152,I,SFQ,JDO,N,19,19,53.0,111.0
206,PK207,19-Jan-18, 4:55,NV675,I,33L,19-Jan-18, 6:55,NV675,D,EFM,QFL,W,19,19,59.0,83.0
207,PK208,19-Jan-18, 5:0,NV847,I,773,20-Jan-18,14:20,NV690,I,TZE,TGP,W,19,20,60.0,172.0
208,PK209,19-Jan-18, 5:10,NV609,I,33H,19-Jan-18,13:30,NV692,I,ZWS,ZWS,W,19,19,62.0,162.0
209,PK210,19-Jan-18, 5:15,NV309,I,773,19-Jan-18, 9:10,NV634,I,KGL,OSU,W,19,19,63.0,110.0
210,PK211,19-Jan-18, 5:20,NV871,I,325,19-Jan-18,10:20,NV3196,I,QOI,PLB,N,19,19,64.0,124.0
211,PK212,19-Jan-18, 5:40,NV655,I,33E,19-Jan-18, 7:40,NV655,D,TJO,DHR,W,19,19,68.0,92.0
212,PK213,19-Jan-18, 5:45,NV891,I,773,19-Jan-18,13:20,NV694,I,BLM,MBY,W,19,19,69.0,160.0
213,PK214,19-Jan-18, 5:55,GN979,I,73H,19-Jan-18,12:00,GN944,I,CLJ,CLL,N,19,19,71.0,144.0
214,PK215,19-Jan-18, 5:55,NV851,I,773,19-Jan-18,11:40,NV828,I,NFM,PSE,W,19,19,71.0,140.0
215,PK216,19-Jan-18, 6:0,GN977,I,738,19-Jan-18,10:15,GN0464,D,LCW,XFI,N,19,19,72.0,123.0
216,PK217,19-Jan-18, 6:25,NV689,I,773,19-Jan-18,12:05,NV318,I,MBY,ZZA,W,19,19,77.0,145.0
217,PK218,19-Jan-18, 6:30,GN943,I,73H,19-Jan-18, 9:20,GN996,I,ILU,LVM,N,19,19,78.0,112.0
218,PK219,19-Jan-18, 7:0,NV6157,I,320,19-Jan-18, 8:15,NV6358,D,DSL,EBU,N,19,19,84.0,99.0
219,PK220,19-Jan-18, 7:0,NV665,I,773,19-Jan-18,10:00,NV6579,D,DEH,TZY,W,19,19,84.0,120.0
220,PK221,19-Jan-18, 7:15,GN969,I,73H,19-Jan-18, 9:10,GN912,I,ILU,UTB,N,19,19,87.0,110.0
221,PK222,19-Jan-18, 7:20,GN973,I,73H,19-Jan-18, 8:35,GN940,I,LVM,CLL,N,19,19,88.0,103.0
222,PK223,19-Jan-18, 7:20,NV659,I,33L,19-Jan-18,14:35,NV676,I,CLL,TJO,W,19,19,88.0,175.0
223,PK224,19-Jan-18, 7:40,NV331,I,33E,19-Jan-18,13:00,NV640,I,GSB,IOE,W,19,19,92.0,156.0
224,PK225,19-Jan-18, 7:5,NV393,I,320,19-Jan-18, 9:30,NV6576,D,THO,LIO,N,19,19,85.0,114.0
225,PK226,19-Jan-18, 8:15,NV6700,D,320,19-Jan-18, 9:15,NV6700,D,OHC,VSD,N,19,19,99.0,111.0
226,PK227,19-Jan-18, 8:25,NV3992,D,320,19-Jan-18, 9:30,NV630,I,OLH,OHP,N,19,19,101.0,114.0
227,PK228,19-Jan-18, 8:35,NV6135,I,320,19-Jan-18,10:10,NV316,I,DFC,DOY,N,19,19,103.0,122.0
228,PK229,19-Jan-18, 8:35,*****,D,738,19-Jan-18, 9:25,GN0408,D,***,DTY,N,19,19,103.0,113.0
229,PK230,19-Jan-18, 8:40,NV6577,D,320,19-Jan-18, 9:50,NV6577,D,LIO,TIF,N,19,19,104.0,118.0
230,PK231,19-Jan-18, 8:40,NV6697,D,73H,19-Jan-18, 9:45,NV6612,D,XOA,XOA,N,19,19,104.0,117.0
231,PK232,19-Jan-18, 8:45,NV6579,D,320,19-Jan-18,13:55,NV6540,D,IGF,UTO,N,19,19,105.0,167.0
232,PK233,19-Jan-18, 8:45,NV6645,D,320,19-Jan-18,10:20,NV3552,D,UOB,UOB,N,19,19,105.0,124.0
233,PK234,19-Jan-18, 8:55,GN0369,D,738,19-Jan-18,10:35,GN0202,D,YNO,EMD,N,19,19,107.0,127.0
234,PK235,19-Jan-18, 8:55,NV3620,D,73E,19-Jan-18,10:00,NV626,I,XVI,LJY,N,19,19,107.0,120.0
235,PK236,19-Jan-18, 8:55,NV6623,D,320,19-Jan-18, 9:55,NV3280,D,UBP,ZOU,N,19,19,107.0,119.0
236,PK237,19-Jan-18, 9:15,NV628,D,73H,19-Jan-18,10:35,NV628,I,XVI,GVL,N,19,19,111.0,127.0
237,PK238,19-Jan-18, 9:15,NV6313,D,325,19-Jan-18,10:15,NV6160,I,IBL,DKV,N,19,19,111.0,123.0
238,PK239,19-Jan-18, 9:20,NV698,D,773,19-Jan-18,11:30,NV698,I,GPD,KGL,W,19,19,112.0,138.0
239,PK240,19-Jan-18, 9:25,NV6773,D,325,19-Jan-18,10:40,NV6773,D,EMD,GPD,N,19,19,113.0,128.0
240,PK241,19-Jan-18, 9:30,GN0439,D,738,19-Jan-18,21:45,GN0170,D,DHP,UTO,N,19,19,114.0,261.0
241,PK242,19-Jan-18, 9:35,NV3513,D,73H,19-Jan-18,10:45,NV3512,D,UZO,UZO,N,19,19,115.0,129.0
242,PK243,19-Jan-18, 9:35,NV602,D,33L,19-Jan-18,11:25,NV602,I,TZY,TWP,W,19,19,115.0,137.0
243,PK244,19-Jan-18, 9:35,NV6655,D,320,19-Jan-18,11:15,NV6622,D,ZOU,UBP,N,19,19,115.0,135.0
244,PK245,19-Jan-18, 9:40,GN0571,D,73A,19-Jan-18,11:00,GN0284,D,LXF,KOH,N,19,19,116.0,132.0
245,PK246,19-Jan-18, 9:40,NV6533,D,320,19-Jan-18,11:05,NV6536,D,DLH,DLH,N,19,19,116.0,133.0
246,PK247,19-Jan-18, 9:45,GN0493,D,738,19-Jan-18,11:00,GN0493,D,LXM,DHR,N,19,19,117.0,132.0
247,PK248,19-Jan-18, 9:45,NV6163,I,325,19-Jan-18,11:10,NV6656,D,JDO,ZOU,N,19,19,117.0,134.0
248,PK249,19-Jan-18, 9:50,GN0181,D,738,19-Jan-18,11:05,GN0298,D,UTO,TIF,N,19,19,118.0,133.0
249,PK250,19-Jan-18, 9:50,GN0413,D,738,19-Jan-18,14:15,GN966,I,DBO,CLL,N,19,19,118.0,171.0
250,PK251,19-Jan-18, 9:50,NV6479,D,319,19-Jan-18,11:05,NV6752,D,DTY,EMD,N,19,19,118.0,133.0
251,PK252,19-Jan-18, 9:50,NV837,I,325,19-Jan-18,11:00,NV6518,D,ILH,DUV,N,19,19,118.0,132.0
252,PK253,20-Jan-18,10:00,NV6294,D,321,20-Jan-18,12:40,NV3118,I,QFL,NGN,N,20,20,120.0,152.0
253,PK254,20-Jan-18,10:05,NV6513,D,320,20-Jan-18,12:30,NV305,D,DUV,DUV,N,20,20,121.0,150.0
254,PK255,20-Jan-18,10:10,GN0411,D,73H,20-Jan-18,12:00,GN944,I,TXB,CLL,N,20,20,122.0,144.0
255,PK256,20-Jan-18,10:10,NV6443,D,325,20-Jan-18,13:05,NV6488,D,TAY,TZY,N,20,20,122.0,157.0
256,PK257,20-Jan-18,10:15,NV3120,D,73H,20-Jan-18,11:15,NV3120,I,XVI,GTA,N,20,20,123.0,135.0
257,PK258,20-Jan-18,10:15,NV632,D,325,20-Jan-18,11:45,NV632,I,YJZ,OSU,N,20,20,123.0,141.0
258,PK259,20-Jan-18,10:20,GN0495,D,73A,20-Jan-18,11:20,GN0460,D,OOH,AIB,N,20,20,124.0,136.0
259,PK260,20-Jan-18,10:20,NV323,I,325,20-Jan-18,12:15,NV614,I,NOM,ILH,N,20,20,124.0,147.0
260,PK261,20-Jan-18,10:20,NV687,I,325,20-Jan-18,12:15,NV6144,I,IOE,JDO,N,20,20,124.0,147.0
261,PK262,20-Jan-18,10:25,NV6731,D,325,20-Jan-18,11:25,NV618,I,ISC,ILH,N,20,20,125.0,137.0
262,PK263,20-Jan-18,10:25,NV820,D,320,20-Jan-18,11:35,NV820,I,MIX,OHP,N,20,20,125.0,139.0
263,PK264,20-Jan-18,10:30,GN0457,D,738,20-Jan-18,13:05,GN0446,D,DHP,MGR,N,20,20,126.0,157.0
264,PK265,20-Jan-18,10:30,NV858,D,73H,20-Jan-18,12:15,NV858,I,LNH,LJY,N,20,20,126.0,147.0
265,PK266,20-Jan-18,10:35,NV6713,D,320,20-Jan-18,12:25,NV6713,D,TIF,AIB,N,20,20,127.0,149.0
266,PK267,20-Jan-18,10:40,GN0271,D,73H,20-Jan-18,12:00,GN0236,D,DHR,SJA,N,20,20,128.0,144.0
267,PK268,20-Jan-18,10:40,NV303,I,320,20-Jan-18,12:30,NV303,D,OHP,YJZ,N,20,20,128.0,150.0
268,PK269,20-Jan-18,10:45,NV643,I,320,20-Jan-18,12:05,NV6732,D,GVL,EMD,N,20,20,129.0,145.0
269,PK270,20-Jan-18,11:00,NV305,I,319,20-Jan-18,12:15,NV6316,D,IJK,ITO,N,20,20,132.0,147.0
270,PK271,20-Jan-18,11:00,NV6785,D,320,20-Jan-18,13:10,NV398,I,EMD,PLB,N,20,20,132.0,158.0
271,PK272,20-Jan-18,11:05,NV6307,D,320,20-Jan-18,18:05,NV6308,D,DUV,DUV,N,20,20,133.0,217.0
272,PK273,20-Jan-18,11:20,NV6535,D,320,20-Jan-18,12:10,*****,D,DLH,***,N,20,20,136.0,146.0
273,PK274,20-Jan-18,11:25,NV841,I,325,20-Jan-18,13:15,NV610,I,LJY,ILH,N,20,20,137.0,159.0
274,PK275,20-Jan-18,12:00,NV835,I,325,20-Jan-18,18:10,NV830,I,ILH,LJY,N,20,20,144.0,218.0
275,PK276,20-Jan-18,12:20,NV6749,D,320,20-Jan-18,13:25,NV6510,D,IEH,MZJ,N,20,20,148.0,161.0
276,PK277,20-Jan-18,12:25,GN0253,D,73A,20-Jan-18,13:35,GN0204,D,CQF,TIF,N,20,20,149.0,163.0
277,PK278,20-Jan-18,12:25,NV3703,I,73H,20-Jan-18,13:55,NV3703,D,OHP,XVI,N,20,20,149.0,167.0
278,PK279,20-Jan-18,12:40,GN0491,D,738,20-Jan-18,15:50,GN0326,D,LXM,AVI,N,20,20,152.0,190.0
279,PK280,20-Jan-18,12:55,NV674,D,33L,20-Jan-18,14:25,NV674,I,QFL,EFM,W,20,20,155.0,173.0
280,PK281,20-Jan-18,13:00,GN0201,D,73H,20-Jan-18,14:05,GN930,I,KOA,QVT,N,20,20,156.0,169.0
281,PK282,20-Jan-18,13:05,NV3287,D,73E,20-Jan-18,16:30,NV6556,D,ARA,LXF,N,20,20,157.0,198.0
282,PK283,20-Jan-18,13:10,GN0235,D,73H,20-Jan-18,14:20,GN0250,D,UWT,YNO,N,20,20,158.0,172.0
283,PK284,20-Jan-18,13:15,NV3266,D,325,20-Jan-18,14:15,NV3269,D,YJZ,YJZ,N,20,20,159.0,171.0
284,PK285,20-Jan-18,13:20,NV6155,I,320,20-Jan-18,14:25,NV6494,D,QVT,AZJ,N,20,20,160.0,173.0
285,PK286,20-Jan-18,13:25,NV6735,D,73E,20-Jan-18,14:30,NV6198,I,EMD,GVL,N,20,20,161.0,174.0
286,PK287,20-Jan-18,13:40,GN913,I,73H,20-Jan-18,14:45,GN938,I,UTB,JDO,N,20,20,164.0,177.0
287,PK288,20-Jan-18,13:40,NV6719,D,320,20-Jan-18,14:50,NV6718,D,IJB,TIF,N,20,20,164.0,178.0
288,PK289,20-Jan-18,13:50,GN932,D,738,20-Jan-18,14:55,GN932,I,DHP,LJY,N,20,20,166.0,179.0
289,PK290,20-Jan-18,13:50,NV383,I,321,20-Jan-18,15:30,NV383,D,OSU,QFL,N,20,20,166.0,186.0
290,PK291,20-Jan-18,13:55,NV6727,D,320,20-Jan-18,17:25,NV6768,D,ZLI,IEH,N,20,20,167.0,209.0
291,PK292,20-Jan-18,14:00,NV6153,I,325,20-Jan-18,15:45,NV6116,I,JDO,UQF,N,20,20,168.0,189.0
292,PK293,20-Jan-18,14:10,NV6575,D,320,20-Jan-18,15:20,NV6574,D,IGF,IGF,N,20,20,170.0,184.0
293,PK294,20-Jan-18,14:20,NV3654,D,73E,20-Jan-18,15:25,NV6318,D,XVI,MAI,N,20,20,172.0,185.0
294,PK295,20-Jan-18,14:25,NV6171,I,325,20-Jan-18,16:15,NV6742,D,DKV,GPD,N,20,20,173.0,195.0
295,PK296,20-Jan-18,14:25,NV873,I,319,20-Jan-18,15:40,NV6378,D,LPK,ZCQ,N,20,20,173.0,188.0
296,PK297,20-Jan-18,14:30,NV6709,D,323,20-Jan-18,17:20,NV3273,D,DHR,YJZ,N,20,20,174.0,208.0
297,PK298,20-Jan-18,14:35,NV6359,D,319,20-Jan-18,16:30,NV6614,D,EBU,HZT,N,20,20,175.0,198.0
298,PK299,20-Jan-18,14:40,GN0477,D,73H,20-Jan-18,16:10,GN0638,D,ZJI,DBO,N,20,20,176.0,194.0
299,PK300,20-Jan-18,14:45,NV6685,D,320,20-Jan-18,15:55,NV6685,D,LPX,UBP,N,20,20,177.0,191.0
300,PK301,20-Jan-18,14:45,NV6711,D,325,20-Jan-18,17:10,NV686,I,GPD,IOE,N,20,20,177.0,206.0
301,PK302,20-Jan-18,14:50,GN953,I,73H,20-Jan-18,19:30,GN942,I,CLL,ILU,N,20,20,178.0,234.0
302,PK303,20-Jan-18,14:50,NV613,I,320,20-Jan-18,16:15,NV616,I,ILH,ILH,N,20,20,178.0,195.0
303,PK304,20-Jan-18,14:50,NV681,I,33H,20-Jan-18,16:10,NV656,I,DEH,TJO,W,20,20,178.0,194.0
304,PK305,20-Jan-18,14:55,GN0283,D,73E,20-Jan-18,15:55,GN0362,D,ISC,IBL,N,20,20,179.0,191.0
305,PK306,20-Jan-18,14:55,GN0479,D,325,20-Jan-18,16:05,GN0280,D,TIF,DHR,N,20,20,179.0,193.0
306,PK307,20-Jan-18,14:55,GN0523,D,73E,20-Jan-18,16:35,GN0348,D,NJH,TZY,N,20,20,179.0,199.0
307,PK308,20-Jan-18,15:00,NV899,I,33E,20-Jan-18,20:20,NV672,I,GDP,TZE,W,20,20,180.0,244.0
308,PK309,20-Jan-18,15:00,*****,D,320,20-Jan-18,15:50,NV3465,D,***,MIX,N,20,20,180.0,190.0
309,PK310,20-Jan-18,15:10,GN0423,D,73E,20-Jan-18,16:20,GN0642,D,DBO,IBL,N,20,20,182.0,196.0
310,PK311,20-Jan-18,15:15,NV629,I,73H,20-Jan-18,16:50,NV629,D,GVL,XVI,N,20,20,183.0,202.0
311,PK312,20-Jan-18,15:20,GN0203,D,738,20-Jan-18,16:10,*****,D,EMD,***,N,20,20,184.0,194.0
312,PK313,20-Jan-18,15:20,NV382,D,321,20-Jan-18,16:55,NV382,I,QFL,OSU,N,20,20,184.0,203.0
313,PK314,20-Jan-18,15:25,GN931,I,73H,20-Jan-18,17:00,GN980,I,UTB,LCW,N,20,20,185.0,204.0
314,PK315,20-Jan-18,15:25,NV6453,D,323,20-Jan-18,16:45,NV0746,D,TAY,LXM,N,20,20,185.0,201.0
315,PK316,20-Jan-18,15:30,NV657,I,33E,20-Jan-18,19:45,NV848,I,TJO,NFM,W,20,20,186.0,237.0
316,PK317,20-Jan-18,15:35,NV641,I,320,20-Jan-18,16:40,NV6736,D,OHP,EMD,N,20,20,187.0,200.0
317,PK318,20-Jan-18,15:40,GN965,I,73H,20-Jan-18,18:30,GN964,I,CLL,CLL,N,20,20,188.0,222.0
318,PK319,20-Jan-18,15:45,NV302,D,320,20-Jan-18,17:15,NV302,I,YJZ,OHP,N,20,20,189.0,207.0
319,PK320,20-Jan-18,15:55,GN0549,D,73E,20-Jan-18,17:30,GN0404,D,CBW,ETO,N,20,20,191.0,210.0
320,PK321,20-Jan-18,15:55,GN937,I,73A,20-Jan-18,17:00,GN0246,D,UPZ,CBW,N,20,20,191.0,204.0
321,PK322,20-Jan-18,15:55,NV627,I,73E,20-Jan-18,19:15,NV3787,D,LJY,ZJI,N,20,20,191.0,231.0
322,PK323,20-Jan-18,15:55,NV6657,D,323,20-Jan-18,17:05,NV6462,D,ZOU,TAY,N,20,20,191.0,205.0
323,PK324,20-Jan-18,15:55,NV813,I,325,20-Jan-18,17:30,NV6162,I,ILH,JDO,N,20,20,191.0,210.0
324,PK325,20-Jan-18,16:05,NV6715,D,320,20-Jan-18,17:40,NV6710,D,TIF,IJB,N,20,20,193.0,212.0
325,PK326,20-Jan-18,16:15,NV3260,D,320,20-Jan-18,18:05,NV3277,D,YJZ,YJZ,N,20,20,195.0,217.0
326,PK327,20-Jan-18,16:20,NV6377,D,325,20-Jan-18,18:30,NV834,I,CIZ,ILH,N,20,20,196.0,222.0
327,PK328,20-Jan-18,16:20,NV683,I,33L,21-Jan-18, 7:55,NV380,I,IOM,DUT,W,20,21,196.0,95.0
328,PK329,20-Jan-18,16:30,NV3197,I,320,20-Jan-18,17:35,NV6726,D,PLB,ZLI,N,20,20,198.0,211.0
329,PK330,20-Jan-18,16:30,NV3702,D,73H,20-Jan-18,18:00,NV3702,I,XVI,OHP,N,20,20,198.0,216.0
330,PK331,20-Jan-18,16:30,NV663,I,33H,20-Jan-18,20:05,NV6588,D,MIS,LNH,W,20,20,198.0,241.0
331,PK332,20-Jan-18,16:35,NV304,D,319,20-Jan-18,17:40,NV304,I,DUV,IJK,N,20,20,199.0,212.0
332,PK333,20-Jan-18,16:35,NV635,I,773,20-Jan-18,20:00,NV308,I,OSU,KGL,W,20,20,199.0,240.0
333,PK334,20-Jan-18,16:40,NV307,I,319,20-Jan-18,17:35,NV638,I,LJK,PLK,N,20,20,200.0,211.0
334,PK335,20-Jan-18,16:50,GN0637,D,738,20-Jan-18,17:55,GN0636,D,XOA,XOA,N,20,20,202.0,215.0
335,PK336,20-Jan-18,16:55,NV391,I,33L,21-Jan-18,13:40,NV342,I,DUT,DNC,W,20,21,203.0,164.0
336,PK337,20-Jan-18,16:55,NV6717,D,320,20-Jan-18,18:10,NV642,I,INJ,GVL,N,20,20,203.0,218.0
337,PK338,20-Jan-18,16:55,NV693,I,33H,21-Jan-18, 0:15,NV882,I,ZWS,BNT,W,20,21,203.0,3.0
338,PK339,20-Jan-18,17:00,*****,D,738,20-Jan-18,17:50,GN0332,D,***,MIX,N,20,20,204.0,214.0
339,PK340,20-Jan-18,17:10,NV6119,I,33E,21-Jan-18,12:30,NV898,I,UQF,GDP,W,20,21,206.0,150.0
340,PK341,20-Jan-18,17:20,GN0299,D,738,20-Jan-18,18:20,GN976,I,TIF,LCW,N,20,20,208.0,220.0
341,PK342,20-Jan-18,17:20,GN0333,D,738,21-Jan-18,15:50,GN0326,D,MIX,AVI,N,20,21,208.0,190.0
342,PK343,20-Jan-18,17:30,NV6145,I,325,21-Jan-18, 9:15,NV6152,I,JDO,JDO,N,20,21,210.0,111.0
343,PK344,20-Jan-18,17:30,NV619,I,325,20-Jan-18,18:40,NV624,I,ILH,SFQ,N,20,20,210.0,224.0
344,PK345,20-Jan-18,17:35,GN0209,D,73A,20-Jan-18,21:00,GN0494,D,BPH,OOH,N,20,20,211.0,252.0
345,PK346,20-Jan-18,17:40,NV6301,D,325,20-Jan-18,20:55,NV6720,D,AVI,ISC,N,20,20,212.0,251.0
346,PK347,20-Jan-18,17:50,NV697,I,773,20-Jan-18,21:00,NV688,I,MBY,MBY,W,20,20,214.0,252.0
347,PK348,20-Jan-18,18:00,NV3786,D,73E,20-Jan-18,19:30,NV3631,D,ZJI,XVI,N,20,20,216.0,234.0
348,PK349,20-Jan-18,18:00,NV601,I,773,21-Jan-18, 0:20,NV840,I,TGP,NFM,W,20,21,216.0,4.0
349,PK350,20-Jan-18,18:10,GN0461,D,73H,20-Jan-18,19:30,GN972,I,LXM,LVM,N,20,20,218.0,234.0
350,PK351,20-Jan-18,18:15,NV3131,I,73H,20-Jan-18,19:45,NV3131,D,GTA,XVI,N,20,20,219.0,237.0
351,PK352,20-Jan-18,18:20,NV6489,D,33L,20-Jan-18,20:40,NV658,I,TZY,CLL,W,20,20,220.0,248.0
352,PK353,20-Jan-18,18:20,NV831,I,320,20-Jan-18,19:35,NV831,D,OHP,MIX,N,20,20,220.0,235.0
353,PK354,20-Jan-18,18:25,NV615,I,325,20-Jan-18,21:00,NV6312,D,ILH,IBL,N,20,20,221.0,252.0
354,PK355,20-Jan-18,18:30,NV3421,D,319,20-Jan-18,19:35,NV3410,D,YOO,YOO,N,20,20,222.0,235.0
355,PK356,20-Jan-18,18:30,NV6525,D,325,20-Jan-18,21:25,NV6472,D,DUV,TAY,N,20,20,222.0,257.0
356,PK357,20-Jan-18,18:35,NV6739,D,320,21-Jan-18, 7:45,NV6738,D,EMD,EMD,N,20,21,223.0,93.0
357,PK358,20-Jan-18,18:40,GN941,I,73H,20-Jan-18,19:45,GN978,I,QVT,CLJ,N,20,20,224.0,237.0
358,PK359,20-Jan-18,18:45,NV399,I,320,20-Jan-18,19:50,NV6784,D,PLB,EMD,N,20,20,225.0,238.0
359,PK360,20-Jan-18,18:50,GN0465,D,738,20-Jan-18,20:05,GN0452,D,XFI,EZH,N,20,20,226.0,241.0
360,PK361,20-Jan-18,18:50,GN951,I,73H,20-Jan-18,20:00,GN968,I,CLL,ILU,N,20,20,226.0,240.0
361,PK362,20-Jan-18,18:50,NV3622,D,319,20-Jan-18,20:00,NV6486,D,XVI,EZH,N,20,20,226.0,240.0
362,PK363,20-Jan-18,18:50,NV829,I,773,21-Jan-18, 0:5,NV664,I,PSE,DEH,W,20,21,226.0,1.0
363,PK364,20-Jan-18,18:55,GN0287,D,738,20-Jan-18,21:10,GN0287,D,DHR,LXM,N,20,20,227.0,254.0
364,PK365,20-Jan-18,18:55,NV6663,D,320,20-Jan-18,20:00,NV860,I,MZJ,QOI,N,20,20,227.0,240.0
365,PK366,20-Jan-18,18:55,NV859,I,73H,20-Jan-18,21:00,NV859,D,LJY,LNH,N,20,20,227.0,252.0
366,PK367,20-Jan-18,19:10,GN0641,D,738,20-Jan-18,21:20,GN0428,D,XOA,DBO,N,20,20,230.0,256.0
367,PK368,20-Jan-18,19:15,NV3119,I,321,20-Jan-18,21:15,NV6297,D,NGN,QFL,N,20,20,231.0,255.0
368,PK369,20-Jan-18,19:15,NV6714,D,320,20-Jan-18,21:25,NV6714,D,AIB,TIF,N,20,20,231.0,257.0
369,PK370,20-Jan-18,19:20,NV319,I,773,21-Jan-18, 0:5,NV846,I,ZZA,TZE,W,20,21,232.0,1.0
370,PK371,20-Jan-18,19:20,NV337,I,320,20-Jan-18,23:10,NV6156,I,LJY,DSL,N,20,20,232.0,278.0
371,PK372,20-Jan-18,19:30,NV6199,I,73E,20-Jan-18,21:30,NV3655,D,GVL,XVI,N,20,20,234.0,258.0
372,PK373,20-Jan-18,19:30,NV673,I,33E,21-Jan-18, 0:10,NV320,I,TZE,GSB,W,20,21,234.0,2.0
373,PK374,20-Jan-18,19:30,NV699,I,773,20-Jan-18,21:40,NV699,D,KGL,GPD,W,20,20,234.0,260.0
374,PK375,20-Jan-18,19:35,NV633,I,325,20-Jan-18,21:05,NV633,D,OSU,YJZ,N,20,20,235.0,253.0
375,PK376,20-Jan-18,19:40,NV6763,D,320,20-Jan-18,21:05,NV6544,D,ZOK,DLH,N,20,20,236.0,253.0
376,PK377,20-Jan-18,19:40,NV849,I,33E,20-Jan-18,23:30,NV654,I,NFM,TJO,W,20,20,236.0,282.0
377,PK378,20-Jan-18,19:50,NV6753,D,319,20-Jan-18,21:10,NV836,I,EMD,ILH,N,20,20,238.0,254.0
378,PK379,20-Jan-18,20:00,GN939,I,73H,20-Jan-18,21:05,GN0300,D,JDO,TXB,N,20,20,240.0,253.0
379,PK380,20-Jan-18,20:00,NV6324,D,73E,20-Jan-18,21:00,NV6325,D,UZO,UZO,N,20,20,240.0,252.0
380,PK381,20-Jan-18,20:00,NV6527,D,320,20-Jan-18,21:30,NV6528,D,DUV,DUV,N,20,20,240.0,258.0
381,PK382,20-Jan-18,20:00,NV827,I,33E,20-Jan-18,21:55,NV826,I,COF,COF,W,20,20,240.0,263.0
382,PK383,20-Jan-18,20:05,GN0205,D,73A,20-Jan-18,21:35,GN0560,D,TIF,LXF,N,20,20,241.0,259.0
383,PK384,20-Jan-18,20:10,GN0237,D,73H,21-Jan-18, 9:10,GN912,I,SJA,UTB,N,20,21,242.0,110.0
384,PK385,20-Jan-18,20:10,GN0261,D,73H,20-Jan-18,21:05,GN0260,D,YNO,DHR,N,20,20,242.0,253.0
385,PK386,20-Jan-18,20:10,NV621,I,325,21-Jan-18, 1:50,NV322,I,ILH,NOM,N,20,21,242.0,22.0
386,PK387,20-Jan-18,20:10,NV6317,D,319,21-Jan-18, 8:15,NV6358,D,ITO,EBU,N,20,21,242.0,99.0
387,PK388,20-Jan-18,20:15,NV6551,D,319,20-Jan-18,21:05,*****,D,UTO,***,N,20,20,243.0,253.0
388,PK389,20-Jan-18,20:15,NV6725,D,320,21-Jan-18, 8:20,NV6724,D,ISC,ISC,N,20,21,243.0,100.0
389,PK390,20-Jan-18,20:20,NV6549,D,319,21-Jan-18, 8:25,NV6548,D,OBP,OBP,N,20,21,244.0,101.0
390,PK391,20-Jan-18,20:25,NV317,I,320,21-Jan-18, 0:15,NV6134,I,DOY,DFC,N,20,21,245.0,3.0
391,PK392,20-Jan-18,20:25,NV3278,D,325,21-Jan-18, 6:40,NV3446,D,YJZ,YJZ,N,20,21,245.0,80.0
392,PK393,20-Jan-18,20:30,NV6117,I,325,21-Jan-18, 9:0,NV6230,D,UQF,QFL,N,20,21,246.0,108.0
393,PK394,20-Jan-18,20:30,NV6578,D,325,21-Jan-18, 9:0,NV6532,D,TZY,DLH,N,20,21,246.0,108.0
394,PK395,20-Jan-18,20:30,NV6772,D,325,20-Jan-18,22:05,NV6772,D,GPD,EMD,N,20,20,246.0,265.0
395,PK396,20-Jan-18,20:40,*****,D,319,20-Jan-18,21:30,NV6478,D,***,DTY,N,20,20,248.0,258.0
396,PK397,20-Jan-18,21:00,NV6495,D,320,21-Jan-18, 8:0,NV6154,I,AZJ,QVT,N,20,21,252.0,96.0
397,PK398,20-Jan-18,21:00,NV6633,D,320,20-Jan-18,22:10,NV6632,D,UBP,UBP,N,20,20,252.0,266.0
398,PK399,20-Jan-18,21:00,NV6811,D,320,20-Jan-18,22:20,NV6811,D,VSD,OHC,N,20,20,252.0,268.0
399,PK400,20-Jan-18,21:05,NV651,I,33H,21-Jan-18,12:25,NV670,I,IOE,DEH,W,20,21,253.0,149.0
400,PK401,20-Jan-18,21:05,NV6642,D,320,20-Jan-18,22:20,NV6642,D,TIF,LIO,N,20,20,253.0,268.0
401,PK402,20-Jan-18,21:10,NV6643,D,320,20-Jan-18,22:00,NV392,I,LIO,THO,N,20,20,254.0,264.0
402,PK403,20-Jan-18,21:15,GN0409,D,738,20-Jan-18,22:40,GN0368,D,DTY,YNO,N,20,20,255.0,272.0
403,PK404,20-Jan-18,21:15,GN933,I,738,21-Jan-18, 6:40,GN0480,D,LJY,LXM,N,20,21,255.0,80.0
404,PK405,20-Jan-18,21:15,NV6505,D,319,21-Jan-18, 9:30,NV668,I,DLH,LNR,N,20,21,255.0,114.0
405,PK406,20-Jan-18,21:20,GN0629,D,738,20-Jan-18,22:20,GN0620,D,XOA,XOA,N,20,20,256.0,268.0
406,PK407,20-Jan-18,21:20,NV6653,D,320,20-Jan-18,22:30,NV6652,D,UOB,UOB,N,20,20,256.0,270.0
407,PK408,20-Jan-18,21:20,NV6699,D,321,21-Jan-18, 8:55,NV6616,D,GPD,GPD,N,20,21,256.0,107.0
408,PK409,20-Jan-18,21:30,GN997,I,73H,20-Jan-18,22:30,GN952,I,LVM,CLL,N,20,20,258.0,270.0
409,PK410,20-Jan-18,21:30,NV6733,D,320,21-Jan-18, 6:40,NV6748,D,EMD,IEH,N,20,21,258.0,80.0
410,PK411,20-Jan-18,21:30,NV679,I,33E,21-Jan-18, 9:20,NV678,I,TJO,TJO,W,20,21,258.0,112.0
411,PK412,20-Jan-18,21:40,NV6241,D,323,21-Jan-18, 9:5,NV6446,D,QFL,TAY,N,20,21,260.0,109.0
412,PK413,20-Jan-18,21:45,GN0455,D,738,20-Jan-18,22:45,GN933,D,EZH,DHP,N,20,20,261.0,273.0
413,PK414,20-Jan-18,21:45,NV6737,D,320,20-Jan-18,22:50,NV3993,D,EMD,OLH,N,20,20,261.0,274.0
414,PK415,20-Jan-18,21:50,NV6319,D,73E,20-Jan-18,22:50,NV3652,D,MAI,DBO,N,20,20,262.0,274.0
415,PK416,20-Jan-18,22:00,GN0257,D,73E,21-Jan-18, 8:0,GN0522,D,ZDV,NJH,N,20,21,264.0,96.0
416,PK417,20-Jan-18,22:00,GN0541,D,738,21-Jan-18, 8:30,GN0678,D,IOZ,DHP,N,20,21,264.0,102.0
417,PK418,20-Jan-18,22:00,NV6405,D,320,21-Jan-18, 8:30,NV6636,D,DHP,ZOU,N,20,21,264.0,102.0
418,PK419,20-Jan-18,22:05,GN0489,D,73E,21-Jan-18, 7:30,GN0282,D,LXM,ISC,N,20,21,265.0,90.0
419,PK420,20-Jan-18,22:05,NV3270,D,321,21-Jan-18,12:40,NV3118,I,YJZ,NGN,N,20,21,265.0,152.0
420,PK421,20-Jan-18,22:10,GN945,I,73H,21-Jan-18, 9:20,GN996,I,CLL,LVM,N,20,21,266.0,112.0
421,PK422,20-Jan-18,22:25,GN0645,D,73L,20-Jan-18,23:15,*****,D,YNO,***,N,20,20,269.0,279.0
422,PK423,20-Jan-18,22:30,GN0291,D,325,21-Jan-18, 8:45,GN0496,D,DHR,OOH,N,20,21,270.0,105.0
423,PK424,20-Jan-18,22:30,GN0639,D,73H,21-Jan-18, 7:35,GN0234,D,DBO,UWT,N,20,21,270.0,91.0
424,PK425,20-Jan-18,22:30,NV6769,D,320,21-Jan-18, 6:55,NV6252,D,IEH,MMW,N,20,21,270.0,83.0
425,PK426,20-Jan-18,22:45,NV0747,D,323,21-Jan-18, 9:5,NV336,I,LXM,LJY,N,20,21,273.0,109.0
426,PK427,20-Jan-18,22:50,NV617,I,320,21-Jan-18,17:20,NV3273,D,ILH,YJZ,N,20,21,274.0,208.0
427,PK428,20-Jan-18,22:50,NV6379,D,319,21-Jan-18, 9:55,NV6202,D,ZCQ,ZDV,N,20,21,274.0,119.0
428,PK429,20-Jan-18,22:55,NV6615,D,319,21-Jan-18, 7:45,NV3615,D,HZT,XVI,N,20,21,275.0,93.0
429,PK430,20-Jan-18,23:00,NV6557,D,73E,21-Jan-18, 6:55,NV3286,D,LXF,ARA,N,20,21,276.0,83.0
430,PK431,20-Jan-18,23:10,GN0285,D,738,21-Jan-18,10:25,GN0628,D,KOH,XOA,N,20,21,278.0,125.0
431,PK432,20-Jan-18,23:10,NV3464,D,320,21-Jan-18, 8:35,NV612,I,MIX,ILH,N,20,21,278.0,103.0
432,PK433,20-Jan-18,23:15,GN0363,D,73E,21-Jan-18, 9:0,GN0414,D,IBL,DBO,N,20,21,279.0,108.0
433,PK434,20-Jan-18,23:20,NV3447,D,323,21-Jan-18,10:15,NV6160,I,YJZ,DKV,N,20,21,280.0,123.0
434,PK435,20-Jan-18,23:25,GN0447,D,738,21-Jan-18, 8:50,GN0456,D,MGR,DHP,N,20,21,281.0,106.0
435,PK436,20-Jan-18,23:25,NV6471,D,323,21-Jan-18,10:20,NV6172,I,TAY,JDO,N,20,21,281.0,124.0
436,PK437,20-Jan-18,23:30,NV3195,D,319,21-Jan-18, 9:5,NV6514,D,UTO,DUV,N,20,21,282.0,109.0
437,PK438,20-Jan-18,23:40,GN0643,D,73E,21-Jan-18, 9:0,GN0478,D,IBL,TIF,N,20,21,284.0,108.0
438,PK439,20-Jan-18,23:50,GN0247,D,73A,21-Jan-18, 9:5,GN0572,D,CBW,XYO,N,20,21,286.0,109.0
439,PK440,20-Jan-18,23:55,GN0405,D,73E,21-Jan-18, 9:25,GN0548,D,ETO,CBW,N,20,21,287.0,113.0
440,PK441,20-Jan-18, 0:10,GN0349,D,73E,20-Jan-18,15:50,GN0488,D,TZY,LXM,N,20,20,2.0,190.0
441,PK442,20-Jan-18, 0:15,GN0401,D,738,20-Jan-18, 8:30,GN0678,D,DHP,DHP,N,20,20,3.0,102.0
442,PK443,20-Jan-18, 0:15,NV6723,D,323,20-Jan-18, 7:50,NV6708,D,EMD,DHR,N,20,20,3.0,94.0
443,PK444,20-Jan-18, 0:20,GN967,I,738,20-Jan-18, 8:50,GN0456,D,CLL,DHP,N,20,20,4.0,106.0
444,PK445,20-Jan-18, 0:25,NV6589,D,33H,20-Jan-18,12:25,NV810,I,LNH,NBE,W,20,20,5.0,149.0
445,PK446,20-Jan-18, 0:5,GN0657,D,738,20-Jan-18, 8:10,GN0454,D,XVU,EZH,N,20,20,1.0,98.0
446,PK447,20-Jan-18, 1:30,NV6487,D,319,20-Jan-18, 6:55,NV3615,D,EZH,XVI,N,20,20,18.0,83.0
447,PK448,20-Jan-18, 1:35,GN0453,D,738,20-Jan-18, 9:15,GN0630,D,EZH,XOA,N,20,20,19.0,111.0
448,PK449,20-Jan-18, 4:10,NV677,I,33L,20-Jan-18, 7:55,NV380,I,TJO,DUT,W,20,20,50.0,95.0
449,PK450,20-Jan-18, 4:25,NV625,I,325,20-Jan-18, 9:15,NV6152,I,SFQ,JDO,N,20,20,53.0,111.0
450,PK451,20-Jan-18, 4:40,GN947,I,738,20-Jan-18,10:15,GN0464,D,IOE,XFI,N,20,20,56.0,123.0
451,PK452,20-Jan-18, 4:55,NV675,I,33L,20-Jan-18, 6:55,NV675,D,EFM,QFL,W,20,20,59.0,83.0
452,PK453,20-Jan-18, 5:0,NV847,I,773,20-Jan-18,13:20,NV694,I,TZE,MBY,W,20,20,60.0,160.0
453,PK454,20-Jan-18, 5:15,NV309,I,773,20-Jan-18, 9:10,NV634,I,KGL,OSU,W,20,20,63.0,110.0
454,PK455,20-Jan-18, 5:20,NV871,I,325,20-Jan-18, 9:25,NV812,I,QOI,ILH,N,20,20,64.0,113.0
455,PK456,20-Jan-18, 5:35,NV347,I,33L,20-Jan-18,12:10,NV346,I,NMF,NMF,W,20,20,67.0,146.0
456,PK457,20-Jan-18, 5:40,NV655,I,332,21-Jan-18,12:10,NV6118,I,TJO,UQF,W,20,21,68.0,146.0
457,PK458,20-Jan-18, 5:45,NV891,I,773,21-Jan-18, 0:55,NV880,I,BLM,BLM,W,20,21,69.0,11.0
458,PK459,20-Jan-18, 5:55,GN979,I,73H,20-Jan-18, 7:10,GN0290,D,CLJ,KOA,N,20,20,71.0,86.0
459,PK460,20-Jan-18, 5:55,NV343,I,33E,20-Jan-18,12:15,NV6118,I,DNC,UQF,W,20,20,71.0,147.0
460,PK461,20-Jan-18, 5:55,NV851,I,773,20-Jan-18,11:40,NV828,I,NFM,PSE,W,20,20,71.0,140.0
461,PK462,20-Jan-18, 6:0,GN977,I,738,20-Jan-18,10:25,GN0628,D,LCW,XOA,N,20,20,72.0,125.0
462,PK463,20-Jan-18, 6:25,NV6181,I,332,20-Jan-18,14:35,NV676,I,DHL,TJO,W,20,20,77.0,175.0
463,PK464,20-Jan-18, 6:25,NV689,I,773,20-Jan-18,12:05,NV318,I,MBY,ZZA,W,20,20,77.0,145.0
464,PK465,20-Jan-18, 6:30,GN943,I,73H,20-Jan-18, 9:20,GN996,I,ILU,LVM,N,20,20,78.0,112.0
465,PK466,20-Jan-18, 6:55,NV883,I,33H,20-Jan-18,13:00,NV640,I,BNT,IOE,W,20,20,83.0,156.0
466,PK467,20-Jan-18, 7:0,NV6157,I,320,20-Jan-18, 8:30,NV6762,D,DSL,ZOK,N,20,20,84.0,102.0
467,PK468,20-Jan-18, 7:0,NV665,I,773,20-Jan-18,12:25,NV670,I,DEH,DEH,W,20,20,84.0,149.0
468,PK469,20-Jan-18, 7:15,GN969,I,73H,20-Jan-18,12:00,GN0492,D,ILU,LXM,N,20,20,87.0,144.0
469,PK470,20-Jan-18, 7:20,GN973,I,73H,20-Jan-18, 8:35,GN940,I,LVM,CLL,N,20,20,88.0,103.0
470,PK471,20-Jan-18, 7:20,NV659,I,33L,20-Jan-18,17:20,NV682,I,CLL,IOM,W,20,20,88.0,208.0
471,PK472,20-Jan-18, 7:5,NV393,I,320,20-Jan-18, 9:30,NV6576,D,THO,LIO,N,20,20,85.0,114.0
472,PK473,20-Jan-18, 7:55,NV6700,D,320,20-Jan-18, 9:30,NV6700,D,OHC,VSD,N,20,20,95.0,114.0
473,PK474,20-Jan-18, 8:25,NV3992,D,320,20-Jan-18, 9:30,NV630,I,OLH,OHP,N,20,20,101.0,114.0
474,PK475,20-Jan-18, 8:35,NV6135,I,320,20-Jan-18,10:20,NV3196,I,DFC,PLB,N,20,20,103.0,124.0
475,PK476,20-Jan-18, 8:35,*****,D,738,20-Jan-18, 9:25,GN0408,D,***,DTY,N,20,20,103.0,113.0
476,PK477,20-Jan-18, 8:40,NV6577,D,320,20-Jan-18, 9:50,NV6577,D,LIO,TIF,N,20,20,104.0,118.0
477,PK478,20-Jan-18, 8:40,NV6697,D,73H,20-Jan-18, 9:45,NV6612,D,XOA,XOA,N,20,20,104.0,117.0
478,PK479,20-Jan-18, 8:45,NV6645,D,320,20-Jan-18,10:20,NV6644,D,UOB,UOB,N,20,20,105.0,124.0
479,PK480,20-Jan-18, 8:45,NV6698,D,320,20-Jan-18,21:35,NV6578,D,IGF,IGF,N,20,20,105.0,259.0
480,PK481,20-Jan-18, 8:55,NV3620,D,73E,20-Jan-18,10:00,NV626,I,XVI,LJY,N,20,20,107.0,120.0
481,PK482,20-Jan-18, 8:55,NV6684,D,320,20-Jan-18,10:05,NV6684,D,UBP,LPX,N,20,20,107.0,121.0
482,PK483,20-Jan-18, 9:0,NV603,I,33L,20-Jan-18,10:25,NV603,D,TWP,TZY,W,20,20,108.0,125.0
483,PK484,20-Jan-18, 9:10,GN0631,D,738,20-Jan-18,10:00,*****,D,XOA,***,N,20,20,110.0,120.0
484,PK485,20-Jan-18, 9:15,NV628,D,73H,20-Jan-18,10:35,NV628,I,XVI,GVL,N,20,20,111.0,127.0
485,PK486,20-Jan-18, 9:20,GN0369,D,738,20-Jan-18,10:35,GN0202,D,YNO,EMD,N,20,20,112.0,127.0
486,PK487,20-Jan-18, 9:20,NV698,D,773,20-Jan-18,11:30,NV698,I,GPD,KGL,W,20,20,112.0,138.0
487,PK488,20-Jan-18, 9:25,NV6773,D,325,20-Jan-18,10:40,NV6773,D,EMD,GPD,N,20,20,113.0,128.0
488,PK489,20-Jan-18, 9:30,GN0439,D,738,20-Jan-18,11:00,GN0284,D,DHP,KOH,N,20,20,114.0,132.0
489,PK490,20-Jan-18, 9:35,NV3513,D,73H,20-Jan-18,10:45,NV3512,D,UZO,UZO,N,20,20,115.0,129.0
490,PK491,20-Jan-18, 9:35,NV6655,D,320,20-Jan-18,11:15,NV6622,D,ZOU,UBP,N,20,20,115.0,135.0
491,PK492,20-Jan-18, 9:40,GN0571,D,73H,20-Jan-18,14:15,GN966,I,LXF,CLL,N,20,20,116.0,171.0
492,PK493,20-Jan-18, 9:40,NV6533,D,320,20-Jan-18,11:05,NV6536,D,DLH,DLH,N,20,20,116.0,133.0
493,PK494,20-Jan-18, 9:45,GN0493,D,738,20-Jan-18,10:50,GN0493,D,LXM,DHR,N,20,20,117.0,130.0
494,PK495,20-Jan-18, 9:45,NV6163,I,325,20-Jan-18,11:25,NV6390,D,JDO,AVI,N,20,20,117.0,137.0
495,PK496,20-Jan-18, 9:50,GN0181,D,738,20-Jan-18,11:05,GN0298,D,UTO,TIF,N,20,20,118.0,133.0
496,PK497,20-Jan-18, 9:50,GN0413,D,738,20-Jan-18,11:10,GN0530,D,DBO,IOZ,N,20,20,118.0,134.0
497,PK498,20-Jan-18, 9:50,NV6479,D,319,20-Jan-18,11:05,NV6752,D,DTY,EMD,N,20,20,118.0,133.0
498,PK499,20-Jan-18, 9:50,NV837,I,319,20-Jan-18,13:00,NV3194,D,ILH,UTO,N,20,20,118.0,156.0
499,PK500,20-Jan-18, 9:55,GN0471,D,73A,20-Jan-18,11:30,GN0208,D,AIB,BPH,N,20,20,119.0,138.0
500,PK501,20-Jan-18, 9:55,NV6313,D,325,20-Jan-18,11:00,NV6518,D,IBL,DUV,N,20,20,119.0,132.0
501,PK502,21-Jan-18,10:00,GN0493,D,738,21-Jan-18,11:00,GN0493,D,LXM,DHR,N,21,21,120.0,132.0
502,PK503,21-Jan-18,10:00,NV6294,D,33H,21-Jan-18,13:30,NV692,I,QFL,ZWS,W,21,21,120.0,162.0
503,PK504,21-Jan-18,10:05,GN0471,D,73A,21-Jan-18,11:20,GN0460,D,AIB,AIB,N,21,21,121.0,136.0
504,PK505,21-Jan-18,10:05,NV6513,D,320,21-Jan-18,12:30,NV305,D,DUV,DUV,N,21,21,121.0,150.0
505,PK506,21-Jan-18,10:10,GN0411,D,73H,21-Jan-18,17:00,GN980,I,TXB,LCW,N,21,21,122.0,204.0
506,PK507,21-Jan-18,10:10,NV6443,D,325,21-Jan-18,11:10,NV6656,D,TAY,ZOU,N,21,21,122.0,134.0
507,PK508,21-Jan-18,10:15,NV3120,D,73H,21-Jan-18,11:15,NV3120,I,XVI,GTA,N,21,21,123.0,135.0
508,PK509,21-Jan-18,10:15,NV632,D,325,21-Jan-18,11:45,NV632,I,YJZ,OSU,N,21,21,123.0,141.0
509,PK510,21-Jan-18,10:20,GN0495,D,73A,21-Jan-18,11:30,GN0208,D,OOH,BPH,N,21,21,124.0,138.0
510,PK511,21-Jan-18,10:20,NV323,I,325,21-Jan-18,11:25,NV618,I,NOM,ILH,N,21,21,124.0,137.0
511,PK512,21-Jan-18,10:20,NV687,I,325,21-Jan-18,11:25,NV6390,D,IOE,AVI,N,21,21,124.0,137.0
512,PK513,21-Jan-18,10:25,NV6731,D,325,21-Jan-18,12:15,NV614,I,ISC,ILH,N,21,21,125.0,147.0
513,PK514,21-Jan-18,10:25,NV820,D,320,21-Jan-18,11:35,NV820,I,MIX,OHP,N,21,21,125.0,139.0
514,PK515,21-Jan-18,10:30,GN0457,D,738,21-Jan-18,13:05,GN0656,D,DHP,XVU,N,21,21,126.0,157.0
515,PK516,21-Jan-18,10:30,NV858,D,73H,21-Jan-18,12:15,NV858,I,LNH,LJY,N,21,21,126.0,147.0
516,PK517,21-Jan-18,10:35,NV6713,D,320,21-Jan-18,12:25,NV6713,D,TIF,AIB,N,21,21,127.0,149.0
517,PK518,21-Jan-18,10:40,NV303,I,320,21-Jan-18,12:30,NV303,D,OHP,YJZ,N,21,21,128.0,150.0
518,PK519,21-Jan-18,10:45,NV643,I,320,21-Jan-18,13:25,NV6510,D,GVL,MZJ,N,21,21,129.0,161.0
519,PK520,21-Jan-18,11:00,GN0271,D,73H,21-Jan-18,12:15,GN0492,D,DHR,LXM,N,21,21,132.0,147.0
520,PK521,21-Jan-18,11:00,NV305,I,319,21-Jan-18,13:00,NV6290,D,IJK,MMG,N,21,21,132.0,156.0
521,PK522,21-Jan-18,11:00,NV6148,D,320,21-Jan-18,12:20,NV6148,I,DUV,DKV,N,21,21,132.0,148.0
522,PK523,21-Jan-18,11:00,NV639,I,319,21-Jan-18,12:15,NV6316,D,PLK,ITO,N,21,21,132.0,147.0
523,PK524,21-Jan-18,11:00,NV6785,D,320,21-Jan-18,13:10,NV398,I,EMD,PLB,N,21,21,132.0,158.0
524,PK525,21-Jan-18,11:20,NV6535,D,320,21-Jan-18,13:55,NV652,I,DLH,CLL,N,21,21,136.0,167.0
525,PK526,21-Jan-18,11:25,NV841,I,325,21-Jan-18,13:05,NV6488,D,LJY,TZY,N,21,21,137.0,157.0
526,PK527,21-Jan-18,12:00,NV835,I,325,21-Jan-18,13:15,NV610,I,ILH,ILH,N,21,21,144.0,159.0
527,PK528,21-Jan-18,12:20,NV6749,D,320,21-Jan-18,13:55,NV6540,D,IEH,UTO,N,21,21,148.0,167.0
528,PK529,21-Jan-18,12:20,NV867,D,33E,21-Jan-18,15:45,NV6116,I,LNH,UQF,W,21,21,148.0,189.0
529,PK530,21-Jan-18,12:25,GN0253,D,73A,21-Jan-18,13:35,GN0204,D,CQF,TIF,N,21,21,149.0,163.0
530,PK531,21-Jan-18,12:25,NV3703,I,73H,21-Jan-18,13:55,NV3703,D,OHP,XVI,N,21,21,149.0,167.0
531,PK532,21-Jan-18,12:55,NV674,D,33L,21-Jan-18,14:25,NV674,I,QFL,EFM,W,21,21,155.0,173.0
532,PK533,21-Jan-18,13:00,GN0201,D,73H,21-Jan-18,14:05,GN930,I,KOA,QVT,N,21,21,156.0,169.0
533,PK534,21-Jan-18,13:00,GN0491,D,738,21-Jan-18,14:15,GN966,I,LXM,CLL,N,21,21,156.0,171.0
534,PK535,21-Jan-18,13:05,NV3287,D,73E,21-Jan-18,16:30,NV6556,D,ARA,LXF,N,21,21,157.0,198.0
535,PK536,21-Jan-18,13:05,NV6165,I,323,21-Jan-18,14:10,NV6722,D,UBF,EMD,N,21,21,157.0,170.0
536,PK537,21-Jan-18,13:10,GN0235,D,73H,21-Jan-18,14:20,GN0250,D,UWT,YNO,N,21,21,158.0,172.0
537,PK538,21-Jan-18,13:15,NV3266,D,325,21-Jan-18,14:15,NV3269,D,YJZ,YJZ,N,21,21,159.0,171.0
538,PK539,21-Jan-18,13:20,NV6155,I,320,21-Jan-18,14:25,NV6494,D,QVT,AZJ,N,21,21,160.0,173.0
539,PK540,21-Jan-18,13:25,NV6735,D,73E,21-Jan-18,14:30,NV6198,I,EMD,GVL,N,21,21,161.0,174.0
540,PK541,21-Jan-18,13:40,GN913,I,73H,21-Jan-18,14:45,GN938,I,UTB,JDO,N,21,21,164.0,177.0
541,PK542,21-Jan-18,13:40,NV6719,D,320,21-Jan-18,14:50,NV6718,D,IJB,TIF,N,21,21,164.0,178.0
542,PK543,21-Jan-18,13:50,GN932,D,738,21-Jan-18,14:55,GN932,I,DHP,LJY,N,21,21,166.0,179.0
543,PK544,21-Jan-18,13:50,NV383,I,321,21-Jan-18,15:30,NV383,D,OSU,QFL,N,21,21,166.0,186.0
544,PK545,21-Jan-18,13:55,NV6727,D,320,21-Jan-18,14:55,NV6762,D,ZLI,ZOK,N,21,21,167.0,179.0
545,PK546,21-Jan-18,14:00,NV6153,I,325,21-Jan-18,14:50,*****,D,JDO,***,N,21,21,168.0,178.0
546,PK547,21-Jan-18,14:10,NV6575,D,320,21-Jan-18,15:20,NV6574,D,IGF,IGF,N,21,21,170.0,184.0
547,PK548,21-Jan-18,14:20,NV3654,D,73E,21-Jan-18,15:25,NV6318,D,XVI,MAI,N,21,21,172.0,185.0
548,PK549,21-Jan-18,14:25,NV6171,I,323,21-Jan-18,16:10,NV6374,D,DKV,ZOU,N,21,21,173.0,194.0
549,PK550,21-Jan-18,14:35,NV6359,D,319,21-Jan-18,15:40,NV6378,D,EBU,ZCQ,N,21,21,175.0,188.0
550,PK551,21-Jan-18,14:35,NV681,I,773,21-Jan-18,20:00,NV308,I,DEH,KGL,W,21,21,175.0,240.0
551,PK552,21-Jan-18,14:40,GN0477,D,73H,21-Jan-18,16:20,GN0256,D,ZJI,ZDV,N,21,21,176.0,196.0
552,PK553,21-Jan-18,14:40,GN0573,D,73A,21-Jan-18,15:45,GN0246,D,XYO,CBW,N,21,21,176.0,189.0
553,PK554,21-Jan-18,14:40,NV656,D,33H,21-Jan-18,16:10,NV656,I,DHR,TJO,W,21,21,176.0,194.0
554,PK555,21-Jan-18,14:50,GN953,I,73H,21-Jan-18,16:10,GN0638,D,CLL,DBO,N,21,21,178.0,194.0
555,PK556,21-Jan-18,14:50,NV613,I,320,21-Jan-18,16:50,NV6768,D,ILH,IEH,N,21,21,178.0,202.0
556,PK557,21-Jan-18,14:50,NV899,I,33E,21-Jan-18,20:20,NV672,I,GDP,TZE,W,21,21,178.0,244.0
557,PK558,21-Jan-18,14:55,GN0283,D,73E,21-Jan-18,15:55,GN0362,D,ISC,IBL,N,21,21,179.0,191.0
558,PK559,21-Jan-18,14:55,GN0479,D,73E,21-Jan-18,16:05,GN0280,D,TIF,DHR,N,21,21,179.0,193.0
559,PK560,21-Jan-18,14:55,GN0523,D,73E,21-Jan-18,16:35,GN0348,D,NJH,TZY,N,21,21,179.0,199.0
560,PK561,21-Jan-18,14:55,NV337,I,323,21-Jan-18,16:15,NV616,I,LJY,ILH,N,21,21,179.0,195.0
561,PK562,21-Jan-18,14:55,NV6711,D,325,21-Jan-18,16:15,NV6742,D,GPD,GPD,N,21,21,179.0,195.0
562,PK563,21-Jan-18,15:00,*****,D,325,21-Jan-18,15:50,NV3465,D,***,MIX,N,21,21,180.0,190.0
563,PK564,21-Jan-18,15:10,GN0423,D,73E,21-Jan-18,16:20,GN0642,D,DBO,IBL,N,21,21,182.0,196.0
564,PK565,21-Jan-18,15:15,NV629,I,73H,21-Jan-18,16:50,NV629,D,GVL,XVI,N,21,21,183.0,202.0
565,PK566,21-Jan-18,15:20,GN0203,D,738,21-Jan-18,16:10,*****,D,EMD,***,N,21,21,184.0,194.0
566,PK567,21-Jan-18,15:20,NV382,D,321,21-Jan-18,16:55,NV382,I,QFL,OSU,N,21,21,184.0,203.0
567,PK568,21-Jan-18,15:20,NV6203,D,319,21-Jan-18,16:30,NV6614,D,ZDV,HZT,N,21,21,184.0,198.0
568,PK569,21-Jan-18,15:25,NV6453,D,323,21-Jan-18,16:45,NV0746,D,TAY,LXM,N,21,21,185.0,201.0
569,PK570,21-Jan-18,15:30,NV657,I,33E,21-Jan-18,19:45,NV848,I,TJO,NFM,W,21,21,186.0,237.0
570,PK571,21-Jan-18,15:35,GN0497,D,325,21-Jan-18,17:05,GN0644,D,OOH,YNO,N,21,21,187.0,205.0
571,PK572,21-Jan-18,15:35,NV641,I,320,21-Jan-18,16:40,NV6736,D,OHP,EMD,N,21,21,187.0,200.0
572,PK573,21-Jan-18,15:35,NV6537,D,325,21-Jan-18,17:10,NV686,I,DLH,IOE,N,21,21,187.0,206.0
573,PK574,21-Jan-18,15:35,NV669,I,319,21-Jan-18,17:35,NV638,I,LNR,PLK,N,21,21,187.0,211.0
574,PK575,21-Jan-18,15:40,GN965,I,73H,21-Jan-18,18:00,GN0454,D,CLL,EZH,N,21,21,188.0,216.0
575,PK576,21-Jan-18,15:40,NV6173,I,323,21-Jan-18,17:05,NV6462,D,JDO,TAY,N,21,21,188.0,205.0
576,PK577,21-Jan-18,15:45,NV302,D,320,21-Jan-18,17:15,NV302,I,YJZ,OHP,N,21,21,189.0,207.0
577,PK578,21-Jan-18,15:55,GN0549,D,73E,21-Jan-18,17:30,GN0404,D,CBW,ETO,N,21,21,191.0,210.0
578,PK579,21-Jan-18,15:55,GN923,I,73H,21-Jan-18,18:30,GN964,I,ILH,CLL,N,21,21,191.0,222.0
579,PK580,21-Jan-18,15:55,NV627,I,73E,21-Jan-18,19:15,NV3787,D,LJY,ZJI,N,21,21,191.0,231.0
580,PK581,21-Jan-18,15:55,NV6657,D,325,21-Jan-18,17:30,NV6162,I,ZOU,JDO,N,21,21,191.0,210.0
581,PK582,21-Jan-18,16:05,NV6715,D,320,21-Jan-18,17:40,NV6710,D,TIF,IJB,N,21,21,193.0,212.0
582,PK583,21-Jan-18,16:15,NV3260,D,320,21-Jan-18,18:05,NV3277,D,YJZ,YJZ,N,21,21,195.0,217.0
583,PK584,21-Jan-18,16:15,NV6149,I,320,21-Jan-18,18:00,NV6149,D,DKV,DUV,N,21,21,195.0,216.0
584,PK585,21-Jan-18,16:20,NV6377,D,325,21-Jan-18,18:10,NV830,I,CIZ,LJY,N,21,21,196.0,218.0
585,PK586,21-Jan-18,16:20,NV683,I,33L,21-Jan-18,17:20,NV682,I,IOM,IOM,W,21,21,196.0,208.0
586,PK587,21-Jan-18,16:30,NV3197,I,320,21-Jan-18,17:35,NV6726,D,PLB,ZLI,N,21,21,198.0,211.0
587,PK588,21-Jan-18,16:30,NV3702,D,73H,21-Jan-18,18:00,NV3702,I,XVI,OHP,N,21,21,198.0,216.0
588,PK589,21-Jan-18,16:30,NV663,I,33H,21-Jan-18,17:20,*****,D,MIS,***,W,21,21,198.0,208.0
589,PK590,21-Jan-18,16:35,NV304,D,319,21-Jan-18,17:40,NV304,I,DUV,IJK,N,21,21,199.0,212.0
590,PK591,21-Jan-18,16:35,NV635,I,773,21-Jan-18,21:00,NV688,I,OSU,MBY,W,21,21,199.0,252.0
591,PK592,21-Jan-18,16:50,GN0637,D,738,21-Jan-18,17:55,GN0636,D,XOA,XOA,N,21,21,202.0,215.0
592,PK593,21-Jan-18,16:55,NV391,I,33L,21-Jan-18,20:40,NV658,I,DUT,CLL,W,21,21,203.0,248.0
593,PK594,21-Jan-18,16:55,NV693,I,33H,21-Jan-18,21:15,NV6297,D,ZWS,QFL,W,21,21,203.0,255.0
594,PK595,21-Jan-18,17:00,*****,D,738,21-Jan-18,17:50,GN0332,D,***,MIX,N,21,21,204.0,214.0
595,PK596,21-Jan-18,17:05,NV6781,D,320,21-Jan-18,18:10,NV642,I,EMD,GVL,N,21,21,205.0,218.0
596,PK597,21-Jan-18,17:10,NV6119,I,332,21-Jan-18,18:00,*****,D,UQF,***,W,21,21,206.0,216.0
597,PK598,21-Jan-18,17:20,GN0299,D,738,21-Jan-18,20:05,GN0452,D,TIF,EZH,N,21,21,208.0,241.0
598,PK599,21-Jan-18,17:20,GN0333,D,738,21-Jan-18,18:20,GN976,I,MIX,LCW,N,21,21,208.0,220.0
599,PK600,21-Jan-18,17:30,NV6145,I,325,21-Jan-18,18:40,NV624,I,JDO,SFQ,N,21,21,210.0,224.0
600,PK601,21-Jan-18,17:30,NV619,I,325,21-Jan-18,18:30,NV834,I,ILH,ILH,N,21,21,210.0,222.0
601,PK602,21-Jan-18,17:35,GN0209,D,73A,21-Jan-18,21:00,GN0494,D,BPH,OOH,N,21,21,211.0,252.0
602,PK603,21-Jan-18,17:40,NV6301,D,325,21-Jan-18,18:30,*****,D,AVI,***,N,21,21,212.0,222.0
603,PK604,21-Jan-18,17:50,NV697,I,773,21-Jan-18,18:40,*****,D,MBY,***,W,21,21,214.0,224.0
604,PK605,21-Jan-18,18:00,NV3786,D,73E,21-Jan-18,19:30,NV3631,D,ZJI,XVI,N,21,21,216.0,234.0
605,PK606,21-Jan-18,18:00,NV601,I,773,21-Jan-18,18:50,*****,D,TGP,***,W,21,21,216.0,226.0
606,PK607,21-Jan-18,18:00,NV6489,D,320,21-Jan-18,21:05,NV6544,D,TZY,DLH,N,21,21,216.0,253.0
607,PK608,21-Jan-18,18:05,NV821,I,33H,21-Jan-18,18:55,*****,D,NBE,***,W,21,21,217.0,227.0
608,PK609,21-Jan-18,18:10,GN0461,D,73H,21-Jan-18,19:30,GN972,I,LXM,LVM,N,21,21,218.0,234.0
609,PK610,21-Jan-18,18:15,NV3131,I,73H,21-Jan-18,19:45,NV3131,D,GTA,XVI,N,21,21,219.0,237.0
610,PK611,21-Jan-18,18:20,NV6253,D,320,21-Jan-18,21:35,NV6578,D,MMW,IGF,N,21,21,220.0,259.0
611,PK612,21-Jan-18,18:20,NV831,I,320,21-Jan-18,19:35,NV831,D,OHP,MIX,N,21,21,220.0,235.0
612,PK613,21-Jan-18,18:25,NV615,I,325,21-Jan-18,20:55,NV6720,D,ILH,ISC,N,21,21,221.0,251.0
613,PK614,21-Jan-18,18:30,NV3421,D,319,21-Jan-18,19:35,NV3410,D,YOO,YOO,N,21,21,222.0,235.0
614,PK615,21-Jan-18,18:30,NV6525,D,325,21-Jan-18,21:00,NV6312,D,DUV,IBL,N,21,21,222.0,252.0
615,PK616,21-Jan-18,18:35,NV6739,D,320,21-Jan-18,20:00,NV860,I,EMD,QOI,N,21,21,223.0,240.0
616,PK617,21-Jan-18,18:40,GN941,I,73H,21-Jan-18,19:45,GN978,I,QVT,CLJ,N,21,21,224.0,237.0
617,PK618,21-Jan-18,18:40,NV6703,D,319,21-Jan-18,20:00,NV6486,D,IAI,EZH,N,21,21,224.0,240.0
618,PK619,21-Jan-18,18:45,NV399,I,320,21-Jan-18,19:50,NV6784,D,PLB,EMD,N,21,21,225.0,238.0
619,PK620,21-Jan-18,18:50,GN0465,D,738,21-Jan-18,21:45,GN0170,D,XFI,UTO,N,21,21,226.0,261.0
620,PK621,21-Jan-18,18:50,GN951,I,73H,21-Jan-18,20:00,GN968,I,CLL,ILU,N,21,21,226.0,240.0
621,PK622,21-Jan-18,18:50,NV829,I,773,21-Jan-18,19:40,*****,D,PSE,***,W,21,21,226.0,236.0
622,PK623,21-Jan-18,18:55,GN0287,D,738,21-Jan-18,21:10,GN0287,D,DHR,LXM,N,21,21,227.0,254.0
623,PK624,21-Jan-18,18:55,NV6663,D,320,21-Jan-18,23:10,NV6156,I,MZJ,DSL,N,21,21,227.0,278.0
624,PK625,21-Jan-18,18:55,NV859,I,73H,21-Jan-18,21:00,NV859,D,LJY,LNH,N,21,21,227.0,252.0
625,PK626,21-Jan-18,19:10,GN0641,D,738,21-Jan-18,21:20,GN0428,D,XOA,DBO,N,21,21,230.0,256.0
626,PK627,21-Jan-18,19:15,NV3119,I,321,21-Jan-18,21:25,NV6472,D,NGN,TAY,N,21,21,231.0,257.0
627,PK628,21-Jan-18,19:15,NV6714,D,320,21-Jan-18,21:25,NV6714,D,AIB,TIF,N,21,21,231.0,257.0
628,PK629,21-Jan-18,19:20,NV319,I,773,21-Jan-18,20:10,*****,D,ZZA,***,W,21,21,232.0,242.0
629,PK630,21-Jan-18,19:30,NV6199,I,73E,21-Jan-18,21:30,NV3655,D,GVL,XVI,N,21,21,234.0,258.0
630,PK631,21-Jan-18,19:30,NV673,I,33E,21-Jan-18,20:20,*****,D,TZE,***,W,21,21,234.0,244.0
631,PK632,21-Jan-18,19:30,NV699,I,773,21-Jan-18,21:40,NV699,D,KGL,GPD,W,21,21,234.0,260.0
632,PK633,21-Jan-18,19:35,NV633,I,325,21-Jan-18,21:05,NV633,D,OSU,YJZ,N,21,21,235.0,253.0
633,PK634,21-Jan-18,19:40,NV849,I,33E,21-Jan-18,23:30,NV654,I,NFM,TJO,W,21,21,236.0,282.0
634,PK635,21-Jan-18,19:45,NV3622,D,319,21-Jan-18,20:35,*****,D,XVI,***,N,21,21,237.0,247.0
635,PK636,21-Jan-18,19:50,NV6753,D,319,21-Jan-18,21:10,NV836,I,EMD,ILH,N,21,21,238.0,254.0
636,PK637,21-Jan-18,20:00,GN939,I,73H,21-Jan-18,21:05,GN0300,D,JDO,TXB,N,21,21,240.0,253.0
637,PK638,21-Jan-18,20:00,NV6324,D,73H,21-Jan-18,21:00,NV6325,D,UZO,UZO,N,21,21,240.0,252.0
638,PK639,21-Jan-18,20:00,NV6527,D,320,21-Jan-18,20:50,*****,D,DUV,***,N,21,21,240.0,250.0
639,PK640,21-Jan-18,20:00,NV827,I,33E,21-Jan-18,21:55,NV826,I,COF,COF,W,21,21,240.0,263.0
640,PK641,21-Jan-18,20:05,GN0205,D,73A,21-Jan-18,21:35,GN0560,D,TIF,LXF,N,21,21,241.0,259.0
641,PK642,21-Jan-18,20:10,GN0237,D,738,21-Jan-18,21:15,GN946,I,SJA,IOE,N,21,21,242.0,255.0
642,PK643,21-Jan-18,20:10,GN0261,D,73H,21-Jan-18,21:05,GN0260,D,YNO,DHR,N,21,21,242.0,253.0
643,PK644,21-Jan-18,20:10,NV621,I,325,21-Jan-18,21:00,*****,D,ILH,***,N,21,21,242.0,252.0
644,PK645,21-Jan-18,20:10,NV6317,D,319,21-Jan-18,21:00,*****,D,ITO,***,N,21,21,242.0,252.0
645,PK646,21-Jan-18,20:15,NV6551,D,320,21-Jan-18,21:30,NV6528,D,UTO,DUV,N,21,21,243.0,258.0
646,PK647,21-Jan-18,20:15,NV6725,D,320,21-Jan-18,21:05,*****,D,ISC,***,N,21,21,243.0,253.0
647,PK648,21-Jan-18,20:20,NV6549,D,319,21-Jan-18,21:10,*****,D,OBP,***,N,21,21,244.0,254.0
648,PK649,21-Jan-18,20:25,NV317,I,320,21-Jan-18,21:15,*****,D,DOY,***,N,21,21,245.0,255.0
649,PK650,21-Jan-18,20:25,NV3278,D,325,21-Jan-18,21:15,*****,D,YJZ,***,N,21,21,245.0,255.0
650,PK651,21-Jan-18,20:30,NV6117,I,33E,21-Jan-18,21:20,*****,D,UQF,***,W,21,21,246.0,256.0
651,PK652,21-Jan-18,20:30,NV6578,D,325,21-Jan-18,21:20,*****,D,TZY,***,N,21,21,246.0,256.0
652,PK653,21-Jan-18,20:30,NV6772,D,325,21-Jan-18,22:05,NV6772,D,GPD,EMD,N,21,21,246.0,265.0
653,PK654,21-Jan-18,20:40,*****,D,319,21-Jan-18,21:30,NV6478,D,***,DTY,N,21,21,248.0,258.0
654,PK655,21-Jan-18,20:45,NV6375,D,323,21-Jan-18,21:35,*****,D,ZOU,***,N,21,21,249.0,259.0
655,PK656,21-Jan-18,21:00,NV6495,D,320,21-Jan-18,21:50,*****,D,AZJ,***,N,21,21,252.0,262.0
656,PK657,21-Jan-18,21:00,NV6633,D,320,21-Jan-18,22:10,NV6632,D,UBP,UBP,N,21,21,252.0,266.0
657,PK658,21-Jan-18,21:00,NV6811,D,320,21-Jan-18,22:20,NV6811,D,VSD,OHC,N,21,21,252.0,268.0
658,PK659,21-Jan-18,21:05,NV651,I,773,21-Jan-18,21:55,*****,D,IOE,***,W,21,21,253.0,263.0
659,PK660,21-Jan-18,21:05,NV6642,D,320,21-Jan-18,22:20,NV6642,D,TIF,LIO,N,21,21,253.0,268.0
660,PK661,21-Jan-18,21:10,NV6643,D,320,21-Jan-18,22:00,NV392,I,LIO,THO,N,21,21,254.0,264.0
661,PK662,21-Jan-18,21:15,GN0409,D,738,21-Jan-18,22:40,GN0368,D,DTY,YNO,N,21,21,255.0,272.0
662,PK663,21-Jan-18,21:15,GN933,I,738,21-Jan-18,22:45,GN933,D,LJY,DHP,N,21,21,255.0,273.0
663,PK664,21-Jan-18,21:20,GN0629,D,738,21-Jan-18,22:20,GN0620,D,XOA,XOA,N,21,21,256.0,268.0
664,PK665,21-Jan-18,21:20,NV6653,D,320,21-Jan-18,22:30,NV6652,D,UOB,UOB,N,21,21,256.0,270.0
665,PK666,21-Jan-18,21:20,NV6699,D,321,21-Jan-18,22:10,*****,D,GPD,***,N,21,21,256.0,266.0
666,PK667,21-Jan-18,21:30,GN997,I,73H,21-Jan-18,22:30,GN952,I,LVM,CLL,N,21,21,258.0,270.0
667,PK668,21-Jan-18,21:30,NV679,I,33E,21-Jan-18,22:20,*****,D,TJO,***,W,21,21,258.0,268.0
668,PK669,21-Jan-18,21:40,NV6241,D,325,21-Jan-18,22:30,*****,D,QFL,***,N,21,21,260.0,270.0
669,PK670,21-Jan-18,21:45,NV6737,D,320,21-Jan-18,22:50,NV3993,D,EMD,OLH,N,21,21,261.0,274.0
670,PK671,21-Jan-18,21:50,NV3270,D,325,21-Jan-18,22:40,*****,D,YJZ,***,N,21,21,262.0,272.0
671,PK672,21-Jan-18,21:50,NV6319,D,73E,21-Jan-18,22:40,*****,D,MAI,***,N,21,21,262.0,272.0
672,PK673,21-Jan-18,22:00,GN0257,D,73H,21-Jan-18,22:50,*****,D,ZDV,***,N,21,21,264.0,274.0
673,PK674,21-Jan-18,22:00,GN0541,D,738,21-Jan-18,22:50,*****,D,IOZ,***,N,21,21,264.0,274.0
674,PK675,21-Jan-18,22:00,NV6405,D,320,21-Jan-18,22:50,*****,D,DHP,***,N,21,21,264.0,274.0
675,PK676,21-Jan-18,22:05,GN0489,D,73E,21-Jan-18,22:55,*****,D,LXM,***,N,21,21,265.0,275.0
676,PK677,21-Jan-18,22:05,NV6769,D,320,21-Jan-18,22:55,*****,D,IEH,***,N,21,21,265.0,275.0
677,PK678,21-Jan-18,22:10,GN945,I,73H,21-Jan-18,23:00,*****,D,CLL,***,N,21,21,266.0,276.0
678,PK679,21-Jan-18,22:15,NV6763,D,320,21-Jan-18,23:05,*****,D,ZOK,***,N,21,21,267.0,277.0
679,PK680,21-Jan-18,22:25,GN0247,D,73A,21-Jan-18,23:15,*****,D,CBW,***,N,21,21,269.0,279.0
680,PK681,21-Jan-18,22:25,GN0645,D,325,21-Jan-18,23:15,*****,D,YNO,***,N,21,21,269.0,279.0
681,PK682,21-Jan-18,22:30,GN0291,D,73E,21-Jan-18,23:20,*****,D,DHR,***,N,21,21,270.0,280.0
682,PK683,21-Jan-18,22:30,GN0639,D,73H,21-Jan-18,23:20,*****,D,DBO,***,N,21,21,270.0,280.0
683,PK684,21-Jan-18,22:45,NV0747,D,323,21-Jan-18,23:35,*****,D,LXM,***,N,21,21,273.0,283.0
684,PK685,21-Jan-18,22:50,NV617,I,323,21-Jan-18,23:40,*****,D,ILH,***,N,21,21,274.0,284.0
685,PK686,21-Jan-18,22:50,NV6379,D,319,21-Jan-18,23:40,*****,D,ZCQ,***,N,21,21,274.0,284.0
686,PK687,21-Jan-18,22:55,NV6615,D,319,21-Jan-18,23:45,*****,D,HZT,***,N,21,21,275.0,285.0
687,PK688,21-Jan-18,23:00,NV6557,D,73E,21-Jan-18,23:50,*****,D,LXF,***,N,21,21,276.0,286.0
688,PK689,21-Jan-18,23:10,GN0285,D,73A,22-Jan-18, 0:0,*****,D,KOH,***,N,21,22,278.0,0.0
689,PK690,21-Jan-18,23:10,NV3464,D,325,22-Jan-18, 0:0,*****,D,MIX,***,N,21,22,278.0,0.0
690,PK691,21-Jan-18,23:15,GN0363,D,73E,22-Jan-18, 0:5,*****,D,IBL,***,N,21,22,279.0,1.0
691,PK692,21-Jan-18,23:20,GN0455,D,73H,22-Jan-18, 0:10,*****,D,EZH,***,N,21,22,280.0,2.0
692,PK693,21-Jan-18,23:20,NV3447,D,320,22-Jan-18, 0:10,*****,D,YJZ,***,N,21,22,280.0,2.0
693,PK694,21-Jan-18,23:25,NV6471,D,323,22-Jan-18, 0:15,*****,D,TAY,***,N,21,22,281.0,3.0
694,PK695,21-Jan-18,23:30,NV3195,D,319,22-Jan-18, 0:20,*****,D,UTO,***,N,21,22,282.0,4.0
695,PK696,21-Jan-18,23:40,GN0643,D,73E,22-Jan-18, 0:30,*****,D,IBL,***,N,21,22,284.0,6.0
696,PK697,21-Jan-18,23:55,GN0405,D,73E,22-Jan-18, 0:45,*****,D,ETO,***,N,21,22,287.0,9.0
697,PK698,21-Jan-18, 0:10,GN0349,D,73E,21-Jan-18,15:50,GN0488,D,TZY,LXM,N,21,21,2.0,190.0
698,PK699,21-Jan-18, 0:15,GN0679,D,738,21-Jan-18, 1:5,*****,D,DHP,***,N,21,21,3.0,13.0
699,PK700,21-Jan-18, 0:15,NV6723,D,323,21-Jan-18, 8:10,NV6164,I,EMD,UBF,N,21,21,3.0,98.0
700,PK701,21-Jan-18, 0:20,GN967,I,73H,21-Jan-18, 7:10,GN0290,D,CLL,KOA,N,21,21,4.0,86.0
701,PK702,21-Jan-18, 1:20,NV3653,D,73E,21-Jan-18, 8:30,NV6734,D,DBO,EMD,N,21,21,16.0,102.0
702,PK703,21-Jan-18, 1:30,NV6487,D,319,21-Jan-18, 8:15,NV6702,D,EZH,IAI,N,21,21,18.0,99.0
703,PK704,21-Jan-18, 1:35,GN0453,D,738,21-Jan-18, 9:25,GN0630,D,EZH,XOA,N,21,21,19.0,113.0
704,PK705,21-Jan-18, 1:45,GN0659,D,73A,21-Jan-18, 6:55,GN0252,D,UHP,CQF,N,21,21,21.0,83.0
705,PK706,21-Jan-18, 4:10,NV677,I,332,21-Jan-18,17:10,NV6170,I,TJO,DHL,W,21,21,50.0,206.0
706,PK707,21-Jan-18, 4:25,NV625,I,325,21-Jan-18, 9:30,NV6376,D,SFQ,CIZ,N,21,21,53.0,114.0
707,PK708,21-Jan-18, 4:55,NV675,I,33L,21-Jan-18, 6:55,NV675,D,EFM,QFL,W,21,21,59.0,83.0
708,PK709,21-Jan-18, 5:0,GN991,I,73H,21-Jan-18,12:00,GN944,I,LCW,CLL,N,21,21,60.0,144.0
709,PK710,21-Jan-18, 5:0,NV847,I,773,21-Jan-18,14:20,NV690,I,TZE,TGP,W,21,21,60.0,172.0
710,PK711,21-Jan-18, 5:10,NV609,I,33H,21-Jan-18,11:10,NV896,D,ZWS,YJZ,W,21,21,62.0,134.0
711,PK712,21-Jan-18, 5:15,NV309,I,773,21-Jan-18, 9:10,NV634,I,KGL,OSU,W,21,21,63.0,110.0
712,PK713,21-Jan-18, 5:20,NV871,I,320,21-Jan-18,10:20,NV3196,I,QOI,PLB,N,21,21,64.0,124.0
713,PK714,21-Jan-18, 5:35,NV347,I,33L,21-Jan-18,12:00,NV602,I,NMF,TWP,W,21,21,67.0,144.0
714,PK715,21-Jan-18, 5:40,NV655,I,33H,21-Jan-18, 7:40,NV655,D,TJO,DHR,W,21,21,68.0,92.0
715,PK716,21-Jan-18, 5:45,NV891,I,773,21-Jan-18,13:20,NV694,I,BLM,MBY,W,21,21,69.0,160.0
716,PK717,21-Jan-18, 5:55,GN979,I,73H,21-Jan-18, 8:35,GN940,I,CLJ,CLL,N,21,21,71.0,103.0
717,PK718,21-Jan-18, 5:55,NV851,I,773,21-Jan-18,11:40,NV828,I,NFM,PSE,W,21,21,71.0,140.0
718,PK719,21-Jan-18, 6:0,GN977,I,738,21-Jan-18,10:15,GN0464,D,LCW,XFI,N,21,21,72.0,123.0
719,PK720,21-Jan-18, 6:25,NV689,I,773,21-Jan-18,12:05,NV318,I,MBY,ZZA,W,21,21,77.0,145.0
720,PK721,21-Jan-18, 6:30,GN943,I,73H,21-Jan-18, 9:40,GN0476,D,ILU,ZJI,N,21,21,78.0,116.0
721,PK722,21-Jan-18, 6:55,NV393,I,320,21-Jan-18, 9:30,NV6576,D,THO,LIO,N,21,21,83.0,114.0
722,PK723,21-Jan-18, 7:0,NV6157,I,320,21-Jan-18,10:10,NV316,I,DSL,DOY,N,21,21,84.0,122.0
723,PK724,21-Jan-18, 7:0,NV665,I,773,21-Jan-18,13:00,NV640,I,DEH,IOE,W,21,21,84.0,156.0
724,PK725,21-Jan-18, 7:15,GN969,I,73H,21-Jan-18,19:30,GN942,I,ILU,ILU,N,21,21,87.0,234.0
725,PK726,21-Jan-18, 7:20,GN973,I,73H,21-Jan-18, 9:35,GN922,I,LVM,ILH,N,21,21,88.0,115.0
726,PK727,21-Jan-18, 7:20,NV659,I,33L,21-Jan-18,12:10,NV346,I,CLL,NMF,W,21,21,88.0,146.0
727,PK728,21-Jan-18, 7:40,NV331,I,33E,21-Jan-18,14:35,NV676,I,GSB,TJO,W,21,21,92.0,175.0
728,PK729,21-Jan-18, 8:15,NV6700,D,320,21-Jan-18, 9:15,NV6700,D,OHC,VSD,N,21,21,99.0,111.0
729,PK730,21-Jan-18, 8:25,NV3992,D,320,21-Jan-18, 9:30,NV630,I,OLH,OHP,N,21,21,101.0,114.0
730,PK731,21-Jan-18, 8:35,NV6135,I,320,21-Jan-18,12:05,NV6770,D,DFC,EMD,N,21,21,103.0,145.0
731,PK732,21-Jan-18, 8:35,*****,D,738,21-Jan-18, 9:25,GN0408,D,***,DTY,N,21,21,103.0,113.0
732,PK733,21-Jan-18, 8:40,NV6577,D,320,21-Jan-18, 9:50,NV6577,D,LIO,TIF,N,21,21,104.0,118.0
733,PK734,21-Jan-18, 8:40,NV6697,D,73H,21-Jan-18, 9:45,NV6612,D,XOA,XOA,N,21,21,104.0,117.0
734,PK735,21-Jan-18, 8:45,NV6579,D,320,21-Jan-18,10:00,NV6579,D,IGF,TZY,N,21,21,105.0,120.0
735,PK736,21-Jan-18, 8:45,NV6645,D,320,21-Jan-18,10:20,NV6644,D,UOB,UOB,N,21,21,105.0,124.0
736,PK737,21-Jan-18, 8:55,NV3620,D,73E,21-Jan-18,10:00,NV626,I,XVI,LJY,N,21,21,107.0,120.0
737,PK738,21-Jan-18, 8:55,NV6623,D,320,21-Jan-18,10:00,NV3280,D,UBP,ZOU,N,21,21,107.0,120.0
738,PK739,21-Jan-18, 9:10,GN0631,D,738,21-Jan-18,10:35,GN0202,D,XOA,EMD,N,21,21,110.0,127.0
739,PK740,21-Jan-18, 9:15,NV628,D,73H,21-Jan-18,10:35,NV628,I,XVI,GVL,N,21,21,111.0,127.0
740,PK741,21-Jan-18, 9:20,GN0369,D,738,21-Jan-18,11:10,GN0530,D,YNO,IOZ,N,21,21,112.0,134.0
741,PK742,21-Jan-18, 9:20,NV698,D,773,21-Jan-18,11:30,NV698,I,GPD,KGL,W,21,21,112.0,138.0
742,PK743,21-Jan-18, 9:25,NV6773,D,325,21-Jan-18,11:05,NV6773,D,EMD,GPD,N,21,21,113.0,133.0
743,PK744,21-Jan-18, 9:30,GN0439,D,738,21-Jan-18,11:05,GN0298,D,DHP,TIF,N,21,21,114.0,133.0
744,PK745,21-Jan-18, 9:35,NV3513,D,73H,21-Jan-18,10:45,NV3512,D,UZO,UZO,N,21,21,115.0,129.0
745,PK746,21-Jan-18, 9:35,NV6655,D,320,21-Jan-18,11:15,NV6622,D,ZOU,UBP,N,21,21,115.0,135.0
746,PK747,21-Jan-18, 9:40,GN0571,D,73A,21-Jan-18,11:00,GN0284,D,LXF,KOH,N,21,21,116.0,132.0
747,PK748,21-Jan-18, 9:40,NV6533,D,320,21-Jan-18,11:05,NV6536,D,DLH,DLH,N,21,21,116.0,133.0
748,PK749,21-Jan-18, 9:45,NV6163,I,325,21-Jan-18,11:00,NV6518,D,JDO,DUV,N,21,21,117.0,132.0
749,PK750,21-Jan-18, 9:50,GN0413,D,738,21-Jan-18,12:00,GN0236,D,DBO,SJA,N,21,21,118.0,144.0
750,PK751,21-Jan-18, 9:50,NV6479,D,319,21-Jan-18,11:05,NV6752,D,DTY,EMD,N,21,21,118.0,133.0
751,PK752,21-Jan-18, 9:50,NV837,I,319,21-Jan-18,12:50,NV3194,D,ILH,UTO,N,21,21,118.0,154.0
752,PK753,21-Jan-18, 9:55,NV6313,D,325,21-Jan-18,12:15,NV6144,I,IBL,JDO,N,21,21,119.0,147.0
