,No,ArrivingDate,ArrivingTime,ArrivingFlight,ArrivingDI,FlightType,DepartDate,DepartTime,DepartFlight,DepartDI,PreviousAirport,NextAirport,BinaryWN,ArrivingDay,DepartDay,ArrivingTimeIdx,DepartTimeIdx,TimeDiff,Assigned
61,PK062,19-Jan-18,14:55,GN0523,D,73E,20-Jan-18,16:20,GN0256,D,NJH,ZDV,N,19,20,179,484,305,Failure
71,PK072,19-Jan-18,15:35,GN0497,D,73L,20-Jan-18,17:05,GN0644,D,OOH,YNO,N,19,20,187,493,306,S9
88,PK089,19-Jan-18,16:30,NV663,I,33H,20-Jan-18,13:30,NV692,I,MIS,ZWS,W,19,20,198,450,252,S32
93,PK094,19-Jan-18,16:55,NV693,I,33H,20-Jan-18,13:00,NV662,I,ZWS,MIS,W,19,20,203,444,241,T3
101,PK102,19-Jan-18,17:35,GN0209,D,73A,20-Jan-18,13:50,GN0658,D,BPH,UHP,N,19,20,211,454,243,Failure
103,PK104,19-Jan-18,17:50,NV697,I,773,20-Jan-18, 0:20,NV840,I,MBY,NFM,W,19,20,214,292,78,T2
105,PK106,19-Jan-18,17:55,NV6489,D,773,20-Jan-18, 0:55,NV880,I,TZY,BLM,W,19,20,215,299,84,T24
106,PK107,19-Jan-18,18:00,NV601,I,773,20-Jan-18, 0:5,NV664,I,TGP,DEH,W,19,20,216,289,73,S34
107,PK108,19-Jan-18,18:05,NV821,I,33H,20-Jan-18, 0:20,NV608,I,NBE,ZWS,W,19,20,217,292,75,S36
111,PK112,19-Jan-18,18:20,NV6253,D,320,20-Jan-18,10:10,NV316,I,MMW,DOY,N,19,20,220,410,190,Failure
116,PK117,19-Jan-18,18:35,NV6779,D,320,20-Jan-18, 7:45,NV6738,D,EMD,EMD,N,19,20,223,381,158,T19
128,PK129,19-Jan-18,19:20,NV319,I,773,20-Jan-18, 0:5,NV846,I,ZZA,TZE,W,19,20,232,289,57,S37
130,PK131,19-Jan-18,19:30,NV673,I,33E,20-Jan-18, 0:10,NV320,I,TZE,GSB,W,19,20,234,290,56,S41
135,PK136,19-Jan-18,19:50,NV6753,D,319,20-Jan-18, 8:15,NV6358,D,EMD,EBU,N,19,20,238,387,149,T17
141,PK142,19-Jan-18,20:10,GN0237,D,73H,20-Jan-18,10:40,GN920,I,SJA,UTB,N,19,20,242,416,174,Failure
143,PK144,19-Jan-18,20:10,NV621,I,325,20-Jan-18, 1:50,NV322,I,ILH,NOM,N,19,20,242,310,68,S13
144,PK145,19-Jan-18,20:10,NV6317,D,319,20-Jan-18,13:55,NV6540,D,ITO,UTO,N,19,20,242,455,213,Failure
146,PK147,19-Jan-18,20:15,NV6725,D,320,20-Jan-18, 8:20,NV6724,D,ISC,ISC,N,19,20,243,388,145,S21
147,PK148,19-Jan-18,20:20,NV6549,D,319,20-Jan-18, 9:30,NV306,I,OBP,LJK,N,19,20,244,402,158,Failure
148,PK149,19-Jan-18,20:25,NV317,I,320,20-Jan-18, 0:15,NV6134,I,DOY,DFC,N,19,20,245,291,46,T1
149,PK150,19-Jan-18,20:25,NV3278,D,325,20-Jan-18, 6:40,NV3446,D,YJZ,YJZ,N,19,20,245,368,123,T13
150,PK151,19-Jan-18,20:30,NV6117,I,33E,20-Jan-18,10:05,NV866,D,UQF,LNH,W,19,20,246,409,163,Failure
154,PK155,19-Jan-18,20:45,NV6375,D,323,20-Jan-18, 9:0,NV6230,D,ZOU,QFL,N,19,20,249,396,147,T15
155,PK156,19-Jan-18,21:00,NV6495,D,320,20-Jan-18, 8:0,NV6154,I,AZJ,QVT,N,19,20,252,384,132,T22
158,PK159,19-Jan-18,21:05,NV651,I,33E,20-Jan-18,12:30,NV898,I,IOE,GDP,W,19,20,253,438,185,T4
164,PK165,19-Jan-18,21:20,NV6699,D,320,20-Jan-18, 8:55,NV336,I,GPD,LJY,N,19,20,256,395,139,T21
167,PK168,19-Jan-18,21:40,NV6241,D,325,20-Jan-18, 9:25,NV6376,D,QFL,CIZ,N,19,20,260,401,141,S27
169,PK170,19-Jan-18,21:50,NV3270,D,321,20-Jan-18, 8:5,NV3263,D,YJZ,YJZ,N,19,20,262,385,123,S8
170,PK171,19-Jan-18,21:50,NV6319,D,73E,20-Jan-18, 8:30,NV6734,D,MAI,EMD,N,19,20,262,390,128,S19
172,PK173,19-Jan-18,22:00,GN0541,D,738,20-Jan-18, 6:40,GN0480,D,IOZ,LXM,N,19,20,264,368,104,S25
173,PK174,19-Jan-18,22:00,NV6405,D,320,20-Jan-18, 9:55,NV3280,D,DHP,ZOU,N,19,20,264,407,143,S16
174,PK175,19-Jan-18,22:05,GN0489,D,73E,20-Jan-18, 7:30,GN0282,D,LXM,ISC,N,19,20,265,378,113,S5
176,PK177,19-Jan-18,22:05,NV6769,D,320,20-Jan-18, 8:35,NV612,I,IEH,ILH,N,19,20,265,391,126,T20
177,PK178,19-Jan-18,22:10,GN945,I,73H,20-Jan-18, 9:40,GN0476,D,CLL,ZJI,N,19,20,266,404,138,Failure
178,PK179,19-Jan-18,22:15,NV6763,D,320,20-Jan-18, 6:40,NV6748,D,ZOK,IEH,N,19,20,267,368,101,S17
179,PK180,19-Jan-18,22:25,GN0247,D,73A,20-Jan-18, 6:55,GN0252,D,CBW,CQF,N,19,20,269,371,102,S2
180,PK181,19-Jan-18,22:25,GN0645,D,325,20-Jan-18, 8:55,GN0478,D,YNO,TIF,N,19,20,269,395,126,S26
181,PK182,19-Jan-18,22:30,GN0291,D,73E,20-Jan-18, 8:0,GN0522,D,DHR,NJH,N,19,20,270,384,114,S22
182,PK183,19-Jan-18,22:30,GN0639,D,73H,20-Jan-18, 9:10,GN912,I,DBO,UTB,N,19,20,270,398,128,Failure
183,PK184,19-Jan-18,22:45,NV0747,D,323,20-Jan-18, 9:5,NV6446,D,LXM,TAY,N,19,20,273,397,124,S18
184,PK185,19-Jan-18,22:50,NV617,I,321,20-Jan-18, 8:55,NV6616,D,ILH,GPD,N,19,20,274,395,121,T8
185,PK186,19-Jan-18,22:50,NV6379,D,319,20-Jan-18, 9:50,NV872,I,ZCQ,LPK,N,19,20,274,406,132,Failure
186,PK187,19-Jan-18,22:55,NV6615,D,319,20-Jan-18, 8:25,NV6548,D,HZT,OBP,N,19,20,275,389,114,S28
187,PK188,19-Jan-18,23:00,NV6557,D,73E,20-Jan-18, 6:55,NV3286,D,LXF,ARA,N,19,20,276,371,95,S23
188,PK189,19-Jan-18,23:10,GN0285,D,73A,20-Jan-18, 9:25,GN936,I,KOH,UPZ,N,19,20,278,401,123,Failure
189,PK190,19-Jan-18,23:10,NV3464,D,325,20-Jan-18,10:15,NV6160,I,MIX,DKV,N,19,20,278,411,133,Failure
190,PK191,19-Jan-18,23:15,GN0363,D,73E,20-Jan-18, 9:0,GN0414,D,IBL,DBO,N,19,20,279,396,117,S6
191,PK192,19-Jan-18,23:20,GN0455,D,73H,20-Jan-18, 7:35,GN0234,D,EZH,UWT,N,19,20,280,379,99,S14
192,PK193,19-Jan-18,23:20,NV3447,D,319,20-Jan-18, 9:20,NV6504,D,YJZ,DLH,N,19,20,280,400,120,S7
193,PK194,19-Jan-18,23:25,NV6471,D,323,20-Jan-18,11:10,NV6656,D,TAY,ZOU,N,19,20,281,422,141,S4
194,PK195,19-Jan-18,23:30,NV3195,D,319,20-Jan-18, 9:5,NV6514,D,UTO,DUV,N,19,20,282,397,115,S10
195,PK196,19-Jan-18,23:40,GN0643,D,323,20-Jan-18,14:10,NV6722,D,IBL,EMD,N,19,20,284,458,174,Failure
196,PK197,19-Jan-18,23:55,GN0405,D,73E,20-Jan-18, 9:25,GN0548,D,ETO,CBW,N,19,20,287,401,114,T11
207,PK208,19-Jan-18, 5:0,NV847,I,773,20-Jan-18,14:20,NV690,I,TZE,TGP,W,19,20,60,460,400,S40
252,PK253,20-Jan-18,10:00,NV6294,D,321,20-Jan-18,12:40,NV3118,I,QFL,NGN,N,20,20,408,440,32,Failure
253,PK254,20-Jan-18,10:05,NV6513,D,320,20-Jan-18,12:30,NV305,D,DUV,DUV,N,20,20,409,438,29,T10
254,PK255,20-Jan-18,10:10,GN0411,D,73H,20-Jan-18,12:00,GN944,I,TXB,CLL,N,20,20,410,432,22,Failure
255,PK256,20-Jan-18,10:10,NV6443,D,325,20-Jan-18,13:05,NV6488,D,TAY,TZY,N,20,20,410,445,35,T11
256,PK257,20-Jan-18,10:15,NV3120,D,73H,20-Jan-18,11:15,NV3120,I,XVI,GTA,N,20,20,411,423,12,T7
257,PK258,20-Jan-18,10:15,NV632,D,325,20-Jan-18,11:45,NV632,I,YJZ,OSU,N,20,20,411,429,18,Failure
258,PK259,20-Jan-18,10:20,GN0495,D,73A,20-Jan-18,11:20,GN0460,D,OOH,AIB,N,20,20,412,424,12,T18
259,PK260,20-Jan-18,10:20,NV323,I,325,20-Jan-18,12:15,NV614,I,NOM,ILH,N,20,20,412,435,23,T1
260,PK261,20-Jan-18,10:20,NV687,I,325,20-Jan-18,12:15,NV6144,I,IOE,JDO,N,20,20,412,435,23,S12
261,PK262,20-Jan-18,10:25,NV6731,D,325,20-Jan-18,11:25,NV618,I,ISC,ILH,N,20,20,413,425,12,T21
262,PK263,20-Jan-18,10:25,NV820,D,320,20-Jan-18,11:35,NV820,I,MIX,OHP,N,20,20,413,427,14,Failure
263,PK264,20-Jan-18,10:30,GN0457,D,738,20-Jan-18,13:05,GN0446,D,DHP,MGR,N,20,20,414,445,31,S25
264,PK265,20-Jan-18,10:30,NV858,D,73H,20-Jan-18,12:15,NV858,I,LNH,LJY,N,20,20,414,435,21,Failure
265,PK266,20-Jan-18,10:35,NV6713,D,320,20-Jan-18,12:25,NV6713,D,TIF,AIB,N,20,20,415,437,22,T19
266,PK267,20-Jan-18,10:40,GN0271,D,73H,20-Jan-18,12:00,GN0236,D,DHR,SJA,N,20,20,416,432,16,S6
267,PK268,20-Jan-18,10:40,NV303,I,320,20-Jan-18,12:30,NV303,D,OHP,YJZ,N,20,20,416,438,22,Failure
268,PK269,20-Jan-18,10:45,NV643,I,320,20-Jan-18,12:05,NV6732,D,GVL,EMD,N,20,20,417,433,16,T8
269,PK270,20-Jan-18,11:00,NV305,I,319,20-Jan-18,12:15,NV6316,D,IJK,ITO,N,20,20,420,435,15,Failure
270,PK271,20-Jan-18,11:00,NV6785,D,320,20-Jan-18,13:10,NV398,I,EMD,PLB,N,20,20,420,446,26,T22
271,PK272,20-Jan-18,11:05,NV6307,D,320,20-Jan-18,18:05,NV6308,D,DUV,DUV,N,20,20,421,505,84,Failure
272,PK273,20-Jan-18,11:20,NV6535,D,320,20-Jan-18,12:10,*****,D,DLH,***,N,20,20,424,434,10,T16
273,PK274,20-Jan-18,11:25,NV841,I,325,20-Jan-18,13:15,NV610,I,LJY,ILH,N,20,20,425,447,22,S13
274,PK275,20-Jan-18,12:00,NV835,I,325,20-Jan-18,18:10,NV830,I,ILH,LJY,N,20,20,432,506,74,Failure
275,PK276,20-Jan-18,12:20,NV6749,D,320,20-Jan-18,13:25,NV6510,D,IEH,MZJ,N,20,20,436,449,13,S3
276,PK277,20-Jan-18,12:25,GN0253,D,73A,20-Jan-18,13:35,GN0204,D,CQF,TIF,N,20,20,437,451,14,T12
277,PK278,20-Jan-18,12:25,NV3703,I,73H,20-Jan-18,13:55,NV3703,D,OHP,XVI,N,20,20,437,455,18,T9
278,PK279,20-Jan-18,12:40,GN0491,D,738,20-Jan-18,15:50,GN0326,D,LXM,AVI,N,20,20,440,478,38,S7
279,PK280,20-Jan-18,12:55,NV674,D,33L,20-Jan-18,14:25,NV674,I,QFL,EFM,W,20,20,443,461,18,T23
280,PK281,20-Jan-18,13:00,GN0201,D,73H,20-Jan-18,14:05,GN930,I,KOA,QVT,N,20,20,444,457,13,T7
281,PK282,20-Jan-18,13:05,NV3287,D,73E,20-Jan-18,16:30,NV6556,D,ARA,LXF,N,20,20,445,486,41,S16
282,PK283,20-Jan-18,13:10,GN0235,D,73H,20-Jan-18,14:20,GN0250,D,UWT,YNO,N,20,20,446,460,14,S26
283,PK284,20-Jan-18,13:15,NV3266,D,325,20-Jan-18,14:15,NV3269,D,YJZ,YJZ,N,20,20,447,459,12,T17
284,PK285,20-Jan-18,13:20,NV6155,I,320,20-Jan-18,14:25,NV6494,D,QVT,AZJ,N,20,20,448,461,13,Failure
285,PK286,20-Jan-18,13:25,NV6735,D,73E,20-Jan-18,14:30,NV6198,I,EMD,GVL,N,20,20,449,462,13,T21
286,PK287,20-Jan-18,13:40,GN913,I,73H,20-Jan-18,14:45,GN938,I,UTB,JDO,N,20,20,452,465,13,S12
287,PK288,20-Jan-18,13:40,NV6719,D,320,20-Jan-18,14:50,NV6718,D,IJB,TIF,N,20,20,452,466,14,T10
288,PK289,20-Jan-18,13:50,GN932,D,738,20-Jan-18,14:55,GN932,I,DHP,LJY,N,20,20,454,467,13,T20
289,PK290,20-Jan-18,13:50,NV383,I,321,20-Jan-18,15:30,NV383,D,OSU,QFL,N,20,20,454,474,20,T8
290,PK291,20-Jan-18,13:55,NV6727,D,320,20-Jan-18,17:25,NV6768,D,ZLI,IEH,N,20,20,455,497,42,S4
291,PK292,20-Jan-18,14:00,NV6153,I,325,20-Jan-18,15:45,NV6116,I,JDO,UQF,N,20,20,456,477,21,S13
292,PK293,20-Jan-18,14:10,NV6575,D,320,20-Jan-18,15:20,NV6574,D,IGF,IGF,N,20,20,458,472,14,S2
293,PK294,20-Jan-18,14:20,NV3654,D,73E,20-Jan-18,15:25,NV6318,D,XVI,MAI,N,20,20,460,473,13,T13
294,PK295,20-Jan-18,14:25,NV6171,I,325,20-Jan-18,16:15,NV6742,D,DKV,GPD,N,20,20,461,483,22,Failure
295,PK296,20-Jan-18,14:25,NV873,I,319,20-Jan-18,15:40,NV6378,D,LPK,ZCQ,N,20,20,461,476,15,T22
296,PK297,20-Jan-18,14:30,NV6709,D,323,20-Jan-18,17:20,NV3273,D,DHR,YJZ,N,20,20,462,496,34,S1
297,PK298,20-Jan-18,14:35,NV6359,D,319,20-Jan-18,16:30,NV6614,D,EBU,HZT,N,20,20,463,486,23,S17
298,PK299,20-Jan-18,14:40,GN0477,D,73H,20-Jan-18,16:10,GN0638,D,ZJI,DBO,N,20,20,464,482,18,S25
299,PK300,20-Jan-18,14:45,NV6685,D,320,20-Jan-18,15:55,NV6685,D,LPX,UBP,N,20,20,465,479,14,S5
300,PK301,20-Jan-18,14:45,NV6711,D,325,20-Jan-18,17:10,NV686,I,GPD,IOE,N,20,20,465,494,29,Failure
301,PK302,20-Jan-18,14:50,GN953,I,73H,20-Jan-18,19:30,GN942,I,CLL,ILU,N,20,20,466,522,56,Failure
302,PK303,20-Jan-18,14:50,NV613,I,320,20-Jan-18,16:15,NV616,I,ILH,ILH,N,20,20,466,483,17,S11
303,PK304,20-Jan-18,14:50,NV681,I,33H,20-Jan-18,16:10,NV656,I,DEH,TJO,W,20,20,466,482,16,T2
304,PK305,20-Jan-18,14:55,GN0283,D,73E,20-Jan-18,15:55,GN0362,D,ISC,IBL,N,20,20,467,479,12,S8
305,PK306,20-Jan-18,14:55,GN0479,D,325,20-Jan-18,16:05,GN0280,D,TIF,DHR,N,20,20,467,481,14,T19
306,PK307,20-Jan-18,14:55,GN0523,D,73E,20-Jan-18,16:35,GN0348,D,NJH,TZY,N,20,20,467,487,20,S28
307,PK308,20-Jan-18,15:00,NV899,I,33E,20-Jan-18,20:20,NV672,I,GDP,TZE,W,20,20,468,532,64,S33
308,PK309,20-Jan-18,15:00,*****,D,320,20-Jan-18,15:50,NV3465,D,***,MIX,N,20,20,468,478,10,T11
309,PK310,20-Jan-18,15:10,GN0423,D,73E,20-Jan-18,16:20,GN0642,D,DBO,IBL,N,20,20,470,484,14,S26
310,PK311,20-Jan-18,15:15,NV629,I,73H,20-Jan-18,16:50,NV629,D,GVL,XVI,N,20,20,471,490,19,T7
311,PK312,20-Jan-18,15:20,GN0203,D,738,20-Jan-18,16:10,*****,D,EMD,***,N,20,20,472,482,10,T15
312,PK313,20-Jan-18,15:20,NV382,D,321,20-Jan-18,16:55,NV382,I,QFL,OSU,N,20,20,472,491,19,T21
313,PK314,20-Jan-18,15:25,GN931,I,73H,20-Jan-18,17:00,GN980,I,UTB,LCW,N,20,20,473,492,19,T1
314,PK315,20-Jan-18,15:25,NV6453,D,323,20-Jan-18,16:45,NV0746,D,TAY,LXM,N,20,20,473,489,16,S22
315,PK316,20-Jan-18,15:30,NV657,I,33E,20-Jan-18,19:45,NV848,I,TJO,NFM,W,20,20,474,525,51,T3
316,PK317,20-Jan-18,15:35,NV641,I,320,20-Jan-18,16:40,NV6736,D,OHP,EMD,N,20,20,475,488,13,T9
317,PK318,20-Jan-18,15:40,GN965,I,73H,20-Jan-18,18:30,GN964,I,CLL,CLL,N,20,20,476,510,34,S12
318,PK319,20-Jan-18,15:45,NV302,D,320,20-Jan-18,17:15,NV302,I,YJZ,OHP,N,20,20,477,495,18,T20
319,PK320,20-Jan-18,15:55,GN0549,D,73E,20-Jan-18,17:30,GN0404,D,CBW,ETO,N,20,20,479,498,19,S19
320,PK321,20-Jan-18,15:55,GN937,I,73A,20-Jan-18,17:00,GN0246,D,UPZ,CBW,N,20,20,479,492,13,Failure
321,PK322,20-Jan-18,15:55,NV627,I,73E,20-Jan-18,19:15,NV3787,D,LJY,ZJI,N,20,20,479,519,40,Failure
322,PK323,20-Jan-18,15:55,NV6657,D,323,20-Jan-18,17:05,NV6462,D,ZOU,TAY,N,20,20,479,493,14,S24
323,PK324,20-Jan-18,15:55,NV813,I,325,20-Jan-18,17:30,NV6162,I,ILH,JDO,N,20,20,479,498,19,Failure
324,PK325,20-Jan-18,16:05,NV6715,D,320,20-Jan-18,17:40,NV6710,D,TIF,IJB,N,20,20,481,500,19,T17
325,PK326,20-Jan-18,16:15,NV3260,D,320,20-Jan-18,18:05,NV3277,D,YJZ,YJZ,N,20,20,483,505,22,S14
326,PK327,20-Jan-18,16:20,NV6377,D,325,20-Jan-18,18:30,NV834,I,CIZ,ILH,N,20,20,484,510,26,Failure
327,PK328,20-Jan-18,16:20,NV683,I,33L,21-Jan-18, 7:55,NV380,I,IOM,DUT,W,20,21,484,671,187,T27
328,PK329,20-Jan-18,16:30,NV3197,I,320,20-Jan-18,17:35,NV6726,D,PLB,ZLI,N,20,20,486,499,13,T8
329,PK330,20-Jan-18,16:30,NV3702,D,73H,20-Jan-18,18:00,NV3702,I,XVI,OHP,N,20,20,486,504,18,Failure
330,PK331,20-Jan-18,16:30,NV663,I,33H,20-Jan-18,20:05,NV6588,D,MIS,LNH,W,20,20,486,529,43,T23
331,PK332,20-Jan-18,16:35,NV304,D,319,20-Jan-18,17:40,NV304,I,DUV,IJK,N,20,20,487,500,13,T22
332,PK333,20-Jan-18,16:35,NV635,I,773,20-Jan-18,20:00,NV308,I,OSU,KGL,W,20,20,487,528,41,T6
333,PK334,20-Jan-18,16:40,NV307,I,319,20-Jan-18,17:35,NV638,I,LJK,PLK,N,20,20,488,499,11,S13
334,PK335,20-Jan-18,16:50,GN0637,D,738,20-Jan-18,17:55,GN0636,D,XOA,XOA,N,20,20,490,503,13,T13
335,PK336,20-Jan-18,16:55,NV391,I,33L,21-Jan-18,13:40,NV342,I,DUT,DNC,W,20,21,491,740,249,Failure
336,PK337,20-Jan-18,16:55,NV6717,D,320,20-Jan-18,18:10,NV642,I,INJ,GVL,N,20,20,491,506,15,Failure
337,PK338,20-Jan-18,16:55,NV693,I,33H,21-Jan-18, 0:15,NV882,I,ZWS,BNT,W,20,21,491,579,88,S34
338,PK339,20-Jan-18,17:00,*****,D,738,20-Jan-18,17:50,GN0332,D,***,MIX,N,20,20,492,502,10,S10
339,PK340,20-Jan-18,17:10,NV6119,I,33E,21-Jan-18,12:30,NV898,I,UQF,GDP,W,20,21,494,726,232,T25
340,PK341,20-Jan-18,17:20,GN0299,D,738,20-Jan-18,18:20,GN976,I,TIF,LCW,N,20,20,496,508,12,Failure
341,PK342,20-Jan-18,17:20,GN0333,D,738,21-Jan-18,15:50,GN0326,D,MIX,AVI,N,20,21,496,766,270,Failure
342,PK343,20-Jan-18,17:30,NV6145,I,325,21-Jan-18, 9:15,NV6152,I,JDO,JDO,N,20,21,498,687,189,Failure
343,PK344,20-Jan-18,17:30,NV619,I,325,20-Jan-18,18:40,NV624,I,ILH,SFQ,N,20,20,498,512,14,Failure
344,PK345,20-Jan-18,17:35,GN0209,D,73A,20-Jan-18,21:00,GN0494,D,BPH,OOH,N,20,20,499,540,41,S6
345,PK346,20-Jan-18,17:40,NV6301,D,325,20-Jan-18,20:55,NV6720,D,AVI,ISC,N,20,20,500,539,39,S16
346,PK347,20-Jan-18,17:50,NV697,I,773,20-Jan-18,21:00,NV688,I,MBY,MBY,W,20,20,502,540,38,S39
347,PK348,20-Jan-18,18:00,NV3786,D,73E,20-Jan-18,19:30,NV3631,D,ZJI,XVI,N,20,20,504,522,18,S22
348,PK349,20-Jan-18,18:00,NV601,I,773,21-Jan-18, 0:20,NV840,I,TGP,NFM,W,20,21,504,580,76,S38
349,PK350,20-Jan-18,18:10,GN0461,D,73H,20-Jan-18,19:30,GN972,I,LXM,LVM,N,20,20,506,522,16,T20
350,PK351,20-Jan-18,18:15,NV3131,I,73H,20-Jan-18,19:45,NV3131,D,GTA,XVI,N,20,20,507,525,18,T9
351,PK352,20-Jan-18,18:20,NV6489,D,33L,20-Jan-18,20:40,NV658,I,TZY,CLL,W,20,20,508,536,28,T24
352,PK353,20-Jan-18,18:20,NV831,I,320,20-Jan-18,19:35,NV831,D,OHP,MIX,N,20,20,508,523,15,T7
353,PK354,20-Jan-18,18:25,NV615,I,325,20-Jan-18,21:00,NV6312,D,ILH,IBL,N,20,20,509,540,31,Failure
354,PK355,20-Jan-18,18:30,NV3421,D,319,20-Jan-18,19:35,NV3410,D,YOO,YOO,N,20,20,510,523,13,S23
355,PK356,20-Jan-18,18:30,NV6525,D,325,20-Jan-18,21:25,NV6472,D,DUV,TAY,N,20,20,510,545,35,S19
356,PK357,20-Jan-18,18:35,NV6739,D,320,21-Jan-18, 7:45,NV6738,D,EMD,EMD,N,20,21,511,669,158,S5
357,PK358,20-Jan-18,18:40,GN941,I,73H,20-Jan-18,19:45,GN978,I,QVT,CLJ,N,20,20,512,525,13,S11
358,PK359,20-Jan-18,18:45,NV399,I,320,20-Jan-18,19:50,NV6784,D,PLB,EMD,N,20,20,513,526,13,T22
359,PK360,20-Jan-18,18:50,GN0465,D,738,20-Jan-18,20:05,GN0452,D,XFI,EZH,N,20,20,514,529,15,S2
360,PK361,20-Jan-18,18:50,GN951,I,73H,20-Jan-18,20:00,GN968,I,CLL,ILU,N,20,20,514,528,14,T1
361,PK362,20-Jan-18,18:50,NV3622,D,319,20-Jan-18,20:00,NV6486,D,XVI,EZH,N,20,20,514,528,14,S14
362,PK363,20-Jan-18,18:50,NV829,I,773,21-Jan-18, 0:5,NV664,I,PSE,DEH,W,20,21,514,577,63,S40
363,PK364,20-Jan-18,18:55,GN0287,D,738,20-Jan-18,21:10,GN0287,D,DHR,LXM,N,20,20,515,542,27,S15
364,PK365,20-Jan-18,18:55,NV6663,D,320,20-Jan-18,20:00,NV860,I,MZJ,QOI,N,20,20,515,528,13,Failure
365,PK366,20-Jan-18,18:55,NV859,I,73H,20-Jan-18,21:00,NV859,D,LJY,LNH,N,20,20,515,540,25,T8
366,PK367,20-Jan-18,19:10,GN0641,D,738,20-Jan-18,21:20,GN0428,D,XOA,DBO,N,20,20,518,544,26,T13
367,PK368,20-Jan-18,19:15,NV3119,I,321,20-Jan-18,21:15,NV6297,D,NGN,QFL,N,20,20,519,543,24,Failure
368,PK369,20-Jan-18,19:15,NV6714,D,320,20-Jan-18,21:25,NV6714,D,AIB,TIF,N,20,20,519,545,26,S25
369,PK370,20-Jan-18,19:20,NV319,I,773,21-Jan-18, 0:5,NV846,I,ZZA,TZE,W,20,21,520,577,57,S36
370,PK371,20-Jan-18,19:20,NV337,I,320,20-Jan-18,23:10,NV6156,I,LJY,DSL,N,20,20,520,566,46,S13
371,PK372,20-Jan-18,19:30,NV6199,I,73E,20-Jan-18,21:30,NV3655,D,GVL,XVI,N,20,20,522,546,24,Failure
372,PK373,20-Jan-18,19:30,NV673,I,33E,21-Jan-18, 0:10,NV320,I,TZE,GSB,W,20,21,522,578,56,T2
373,PK374,20-Jan-18,19:30,NV699,I,773,20-Jan-18,21:40,NV699,D,KGL,GPD,W,20,20,522,548,26,T5
374,PK375,20-Jan-18,19:35,NV633,I,325,20-Jan-18,21:05,NV633,D,OSU,YJZ,N,20,20,523,541,18,Failure
375,PK376,20-Jan-18,19:40,NV6763,D,320,20-Jan-18,21:05,NV6544,D,ZOK,DLH,N,20,20,524,541,17,T16
376,PK377,20-Jan-18,19:40,NV849,I,33E,20-Jan-18,23:30,NV654,I,NFM,TJO,W,20,20,524,570,46,S35
377,PK378,20-Jan-18,19:50,NV6753,D,319,20-Jan-18,21:10,NV836,I,EMD,ILH,N,20,20,526,542,16,T21
378,PK379,20-Jan-18,20:00,GN939,I,73H,20-Jan-18,21:05,GN0300,D,JDO,TXB,N,20,20,528,541,13,Failure
379,PK380,20-Jan-18,20:00,NV6324,D,73E,20-Jan-18,21:00,NV6325,D,UZO,UZO,N,20,20,528,540,12,S20
380,PK381,20-Jan-18,20:00,NV6527,D,320,20-Jan-18,21:30,NV6528,D,DUV,DUV,N,20,20,528,546,18,S21
381,PK382,20-Jan-18,20:00,NV827,I,33E,20-Jan-18,21:55,NV826,I,COF,COF,W,20,20,528,551,23,T28
382,PK383,20-Jan-18,20:05,GN0205,D,73A,20-Jan-18,21:35,GN0560,D,TIF,LXF,N,20,20,529,547,18,S26
383,PK384,20-Jan-18,20:10,GN0237,D,73H,21-Jan-18, 9:10,GN912,I,SJA,UTB,N,20,21,530,686,156,Failure
384,PK385,20-Jan-18,20:10,GN0261,D,73H,20-Jan-18,21:05,GN0260,D,YNO,DHR,N,20,20,530,541,11,T12
385,PK386,20-Jan-18,20:10,NV621,I,325,21-Jan-18, 1:50,NV322,I,ILH,NOM,N,20,21,530,598,68,Failure
386,PK387,20-Jan-18,20:10,NV6317,D,319,21-Jan-18, 8:15,NV6358,D,ITO,EBU,N,20,21,530,675,145,S8
387,PK388,20-Jan-18,20:15,NV6551,D,319,20-Jan-18,21:05,*****,D,UTO,***,N,20,20,531,541,10,S1
388,PK389,20-Jan-18,20:15,NV6725,D,320,21-Jan-18, 8:20,NV6724,D,ISC,ISC,N,20,21,531,676,145,Failure
389,PK390,20-Jan-18,20:20,NV6549,D,319,21-Jan-18, 8:25,NV6548,D,OBP,OBP,N,20,21,532,677,145,T18
390,PK391,20-Jan-18,20:25,NV317,I,320,21-Jan-18, 0:15,NV6134,I,DOY,DFC,N,20,21,533,579,46,Failure
391,PK392,20-Jan-18,20:25,NV3278,D,325,21-Jan-18, 6:40,NV3446,D,YJZ,YJZ,N,20,21,533,656,123,S3
392,PK393,20-Jan-18,20:30,NV6117,I,325,21-Jan-18, 9:0,NV6230,D,UQF,QFL,N,20,21,534,684,150,Failure
393,PK394,20-Jan-18,20:30,NV6578,D,325,21-Jan-18, 9:0,NV6532,D,TZY,DLH,N,20,21,534,684,150,T17
394,PK395,20-Jan-18,20:30,NV6772,D,325,20-Jan-18,22:05,NV6772,D,GPD,EMD,N,20,20,534,553,19,T15
395,PK396,20-Jan-18,20:40,*****,D,319,20-Jan-18,21:30,NV6478,D,***,DTY,N,20,20,536,546,10,T14
396,PK397,20-Jan-18,21:00,NV6495,D,320,21-Jan-18, 8:0,NV6154,I,AZJ,QVT,N,20,21,540,672,132,T20
397,PK398,20-Jan-18,21:00,NV6633,D,320,20-Jan-18,22:10,NV6632,D,UBP,UBP,N,20,20,540,554,14,S17
398,PK399,20-Jan-18,21:00,NV6811,D,320,20-Jan-18,22:20,NV6811,D,VSD,OHC,N,20,20,540,556,16,S2
399,PK400,20-Jan-18,21:05,NV651,I,33H,21-Jan-18,12:25,NV670,I,IOE,DEH,W,20,21,541,725,184,S33
400,PK401,20-Jan-18,21:05,NV6642,D,320,20-Jan-18,22:20,NV6642,D,TIF,LIO,N,20,20,541,556,15,T10
401,PK402,20-Jan-18,21:10,NV6643,D,320,20-Jan-18,22:00,NV392,I,LIO,THO,N,20,20,542,552,10,T22
402,PK403,20-Jan-18,21:15,GN0409,D,738,20-Jan-18,22:40,GN0368,D,DTY,YNO,N,20,20,543,560,17,S10
403,PK404,20-Jan-18,21:15,GN933,I,738,21-Jan-18, 6:40,GN0480,D,LJY,LXM,N,20,21,543,656,113,Failure
404,PK405,20-Jan-18,21:15,NV6505,D,319,21-Jan-18, 9:30,NV668,I,DLH,LNR,N,20,21,543,690,147,Failure
405,PK406,20-Jan-18,21:20,GN0629,D,738,20-Jan-18,22:20,GN0620,D,XOA,XOA,N,20,20,544,556,12,S18
406,PK407,20-Jan-18,21:20,NV6653,D,320,20-Jan-18,22:30,NV6652,D,UOB,UOB,N,20,20,544,558,14,S23
407,PK408,20-Jan-18,21:20,NV6699,D,321,21-Jan-18, 8:55,NV6616,D,GPD,GPD,N,20,21,544,683,139,Failure
408,PK409,20-Jan-18,21:30,GN997,I,73H,20-Jan-18,22:30,GN952,I,LVM,CLL,N,20,20,546,558,12,S12
409,PK410,20-Jan-18,21:30,NV6733,D,320,21-Jan-18, 6:40,NV6748,D,EMD,IEH,N,20,21,546,656,110,S22
410,PK411,20-Jan-18,21:30,NV679,I,33E,21-Jan-18, 9:20,NV678,I,TJO,TJO,W,20,21,546,688,142,T26
411,PK412,20-Jan-18,21:40,NV6241,D,323,21-Jan-18, 9:5,NV6446,D,QFL,TAY,N,20,21,548,685,137,Failure
412,PK413,20-Jan-18,21:45,GN0455,D,738,20-Jan-18,22:45,GN933,D,EZH,DHP,N,20,20,549,561,12,S28
413,PK414,20-Jan-18,21:45,NV6737,D,320,20-Jan-18,22:50,NV3993,D,EMD,OLH,N,20,20,549,562,13,S27
414,PK415,20-Jan-18,21:50,NV6319,D,73E,20-Jan-18,22:50,NV3652,D,MAI,DBO,N,20,20,550,562,12,T19
415,PK416,20-Jan-18,22:00,GN0257,D,73E,21-Jan-18, 8:0,GN0522,D,ZDV,NJH,N,20,21,552,672,120,S7
416,PK417,20-Jan-18,22:00,GN0541,D,738,21-Jan-18, 8:30,GN0678,D,IOZ,DHP,N,20,21,552,678,126,T9
417,PK418,20-Jan-18,22:00,NV6405,D,320,21-Jan-18, 8:30,NV6636,D,DHP,ZOU,N,20,21,552,678,126,S14
418,PK419,20-Jan-18,22:05,GN0489,D,73E,21-Jan-18, 7:30,GN0282,D,LXM,ISC,N,20,21,553,666,113,T16
419,PK420,20-Jan-18,22:05,NV3270,D,321,21-Jan-18,12:40,NV3118,I,YJZ,NGN,N,20,21,553,728,175,Failure
420,PK421,20-Jan-18,22:10,GN945,I,73H,21-Jan-18, 9:20,GN996,I,CLL,LVM,N,20,21,554,688,134,S11
421,PK422,20-Jan-18,22:25,GN0645,D,73L,20-Jan-18,23:15,*****,D,YNO,***,N,20,20,557,567,10,S21
422,PK423,20-Jan-18,22:30,GN0291,D,325,21-Jan-18, 8:45,GN0496,D,DHR,OOH,N,20,21,558,681,123,T12
423,PK424,20-Jan-18,22:30,GN0639,D,73H,21-Jan-18, 7:35,GN0234,D,DBO,UWT,N,20,21,558,667,109,S25
424,PK425,20-Jan-18,22:30,NV6769,D,320,21-Jan-18, 6:55,NV6252,D,IEH,MMW,N,20,21,558,659,101,S1
425,PK426,20-Jan-18,22:45,NV0747,D,323,21-Jan-18, 9:5,NV336,I,LXM,LJY,N,20,21,561,685,124,Failure
426,PK427,20-Jan-18,22:50,NV617,I,320,21-Jan-18,17:20,NV3273,D,ILH,YJZ,N,20,21,562,784,222,T8
427,PK428,20-Jan-18,22:50,NV6379,D,319,21-Jan-18, 9:55,NV6202,D,ZCQ,ZDV,N,20,21,562,695,133,T21
428,PK429,20-Jan-18,22:55,NV6615,D,319,21-Jan-18, 7:45,NV3615,D,HZT,XVI,N,20,21,563,669,106,S9
429,PK430,20-Jan-18,23:00,NV6557,D,73E,21-Jan-18, 6:55,NV3286,D,LXF,ARA,N,20,21,564,659,95,S26
430,PK431,20-Jan-18,23:10,GN0285,D,738,21-Jan-18,10:25,GN0628,D,KOH,XOA,N,20,21,566,701,135,T14
431,PK432,20-Jan-18,23:10,NV3464,D,320,21-Jan-18, 8:35,NV612,I,MIX,ILH,N,20,21,566,679,113,T22
432,PK433,20-Jan-18,23:15,GN0363,D,73E,21-Jan-18, 9:0,GN0414,D,IBL,DBO,N,20,21,567,684,117,S23
433,PK434,20-Jan-18,23:20,NV3447,D,323,21-Jan-18,10:15,NV6160,I,YJZ,DKV,N,20,21,568,699,131,T7
434,PK435,20-Jan-18,23:25,GN0447,D,738,21-Jan-18, 8:50,GN0456,D,MGR,DHP,N,20,21,569,682,113,S24
435,PK436,20-Jan-18,23:25,NV6471,D,323,21-Jan-18,10:20,NV6172,I,TAY,JDO,N,20,21,569,700,131,Failure
436,PK437,20-Jan-18,23:30,NV3195,D,319,21-Jan-18, 9:5,NV6514,D,UTO,DUV,N,20,21,570,685,115,S4
437,PK438,20-Jan-18,23:40,GN0643,D,73E,21-Jan-18, 9:0,GN0478,D,IBL,TIF,N,20,21,572,684,112,S6
438,PK439,20-Jan-18,23:50,GN0247,D,73A,21-Jan-18, 9:5,GN0572,D,CBW,XYO,N,20,21,574,685,111,T15
439,PK440,20-Jan-18,23:55,GN0405,D,73E,21-Jan-18, 9:25,GN0548,D,ETO,CBW,N,20,21,575,689,114,T10
440,PK441,20-Jan-18, 0:10,GN0349,D,73E,20-Jan-18,15:50,GN0488,D,TZY,LXM,N,20,20,290,478,188,S15
441,PK442,20-Jan-18, 0:15,GN0401,D,738,20-Jan-18, 8:30,GN0678,D,DHP,DHP,N,20,20,291,390,99,T14
442,PK443,20-Jan-18, 0:15,NV6723,D,323,20-Jan-18, 7:50,NV6708,D,EMD,DHR,N,20,20,291,382,91,S20
443,PK444,20-Jan-18, 0:20,GN967,I,738,20-Jan-18, 8:50,GN0456,D,CLL,DHP,N,20,20,292,394,102,Failure
444,PK445,20-Jan-18, 0:25,NV6589,D,33H,20-Jan-18,12:25,NV810,I,LNH,NBE,W,20,20,293,437,144,T25
445,PK446,20-Jan-18, 0:5,GN0657,D,738,20-Jan-18, 8:10,GN0454,D,XVU,EZH,N,20,20,289,386,97,S24
446,PK447,20-Jan-18, 1:30,NV6487,D,319,20-Jan-18, 6:55,NV3615,D,EZH,XVI,N,20,20,306,371,65,T12
447,PK448,20-Jan-18, 1:35,GN0453,D,738,20-Jan-18, 9:15,GN0630,D,EZH,XOA,N,20,20,307,399,92,T10
448,PK449,20-Jan-18, 4:10,NV677,I,33L,20-Jan-18, 7:55,NV380,I,TJO,DUT,W,20,20,338,383,45,S31
449,PK450,20-Jan-18, 4:25,NV625,I,325,20-Jan-18, 9:15,NV6152,I,SFQ,JDO,N,20,20,341,399,58,S11
450,PK451,20-Jan-18, 4:40,GN947,I,738,20-Jan-18,10:15,GN0464,D,IOE,XFI,N,20,20,344,411,67,Failure
451,PK452,20-Jan-18, 4:55,NV675,I,33L,20-Jan-18, 6:55,NV675,D,EFM,QFL,W,20,20,347,371,24,T6
452,PK453,20-Jan-18, 5:0,NV847,I,773,20-Jan-18,13:20,NV694,I,TZE,MBY,W,20,20,348,448,100,T28
453,PK454,20-Jan-18, 5:15,NV309,I,773,20-Jan-18, 9:10,NV634,I,KGL,OSU,W,20,20,351,398,47,S34
454,PK455,20-Jan-18, 5:20,NV871,I,325,20-Jan-18, 9:25,NV812,I,QOI,ILH,N,20,20,352,401,49,S12
455,PK456,20-Jan-18, 5:35,NV347,I,33L,20-Jan-18,12:10,NV346,I,NMF,NMF,W,20,20,355,434,79,S33
456,PK457,20-Jan-18, 5:40,NV655,I,332,21-Jan-18,12:10,NV6118,I,TJO,UQF,W,20,21,356,722,366,Failure
457,PK458,20-Jan-18, 5:45,NV891,I,773,21-Jan-18, 0:55,NV880,I,BLM,BLM,W,20,21,357,587,230,S41
458,PK459,20-Jan-18, 5:55,GN979,I,73H,20-Jan-18, 7:10,GN0290,D,CLJ,KOA,N,20,20,359,374,15,T7
459,PK460,20-Jan-18, 5:55,NV343,I,33E,20-Jan-18,12:15,NV6118,I,DNC,UQF,W,20,20,359,435,76,S38
460,PK461,20-Jan-18, 5:55,NV851,I,773,20-Jan-18,11:40,NV828,I,NFM,PSE,W,20,20,359,428,69,S39
461,PK462,20-Jan-18, 6:0,GN977,I,738,20-Jan-18,10:25,GN0628,D,LCW,XOA,N,20,20,360,413,53,Failure
462,PK463,20-Jan-18, 6:25,NV6181,I,332,20-Jan-18,14:35,NV676,I,DHL,TJO,W,20,20,365,463,98,Failure
463,PK464,20-Jan-18, 6:25,NV689,I,773,20-Jan-18,12:05,NV318,I,MBY,ZZA,W,20,20,365,433,68,S36
464,PK465,20-Jan-18, 6:30,GN943,I,73H,20-Jan-18, 9:20,GN996,I,ILU,LVM,N,20,20,366,400,34,S13
465,PK466,20-Jan-18, 6:55,NV883,I,33H,20-Jan-18,13:00,NV640,I,BNT,IOE,W,20,20,371,444,73,S35
466,PK467,20-Jan-18, 7:0,NV6157,I,320,20-Jan-18, 8:30,NV6762,D,DSL,ZOK,N,20,20,372,390,18,T9
467,PK468,20-Jan-18, 7:0,NV665,I,773,20-Jan-18,12:25,NV670,I,DEH,DEH,W,20,20,372,437,65,T27
468,PK469,20-Jan-18, 7:15,GN969,I,73H,20-Jan-18,12:00,GN0492,D,ILU,LXM,N,20,20,375,432,57,Failure
469,PK470,20-Jan-18, 7:20,GN973,I,73H,20-Jan-18, 8:35,GN940,I,LVM,CLL,N,20,20,376,391,15,T1
470,PK471,20-Jan-18, 7:20,NV659,I,33L,20-Jan-18,17:20,NV682,I,CLL,IOM,W,20,20,376,496,120,S37
471,PK472,20-Jan-18, 7:5,NV393,I,320,20-Jan-18, 9:30,NV6576,D,THO,LIO,N,20,20,373,402,29,Failure
472,PK473,20-Jan-18, 7:55,NV6700,D,320,20-Jan-18, 9:30,NV6700,D,OHC,VSD,N,20,20,383,402,19,T12
473,PK474,20-Jan-18, 8:25,NV3992,D,320,20-Jan-18, 9:30,NV630,I,OLH,OHP,N,20,20,389,402,13,T7
474,PK475,20-Jan-18, 8:35,NV6135,I,320,20-Jan-18,10:20,NV3196,I,DFC,PLB,N,20,20,391,412,21,Failure
475,PK476,20-Jan-18, 8:35,*****,D,738,20-Jan-18, 9:25,GN0408,D,***,DTY,N,20,20,391,401,10,S2
476,PK477,20-Jan-18, 8:40,NV6577,D,320,20-Jan-18, 9:50,NV6577,D,LIO,TIF,N,20,20,392,406,14,T19
477,PK478,20-Jan-18, 8:40,NV6697,D,73H,20-Jan-18, 9:45,NV6612,D,XOA,XOA,N,20,20,392,405,13,T16
478,PK479,20-Jan-18, 8:45,NV6645,D,320,20-Jan-18,10:20,NV6644,D,UOB,UOB,N,20,20,393,412,19,S20
479,PK480,20-Jan-18, 8:45,NV6698,D,320,20-Jan-18,21:35,NV6578,D,IGF,IGF,N,20,20,393,547,154,Failure
480,PK481,20-Jan-18, 8:55,NV3620,D,73E,20-Jan-18,10:00,NV626,I,XVI,LJY,N,20,20,395,408,13,T22
481,PK482,20-Jan-18, 8:55,NV6684,D,320,20-Jan-18,10:05,NV6684,D,UBP,LPX,N,20,20,395,409,14,Failure
482,PK483,20-Jan-18, 9:0,NV603,I,33L,20-Jan-18,10:25,NV603,D,TWP,TZY,W,20,20,396,413,17,T24
483,PK484,20-Jan-18, 9:10,GN0631,D,738,20-Jan-18,10:00,*****,D,XOA,***,N,20,20,398,408,10,S24
484,PK485,20-Jan-18, 9:15,NV628,D,73H,20-Jan-18,10:35,NV628,I,XVI,GVL,N,20,20,399,415,16,Failure
485,PK486,20-Jan-18, 9:20,GN0369,D,738,20-Jan-18,10:35,GN0202,D,YNO,EMD,N,20,20,400,415,15,S19
486,PK487,20-Jan-18, 9:20,NV698,D,773,20-Jan-18,11:30,NV698,I,GPD,KGL,W,20,20,400,426,26,T23
487,PK488,20-Jan-18, 9:25,NV6773,D,325,20-Jan-18,10:40,NV6773,D,EMD,GPD,N,20,20,401,416,15,S3
488,PK489,20-Jan-18, 9:30,GN0439,D,738,20-Jan-18,11:00,GN0284,D,DHP,KOH,N,20,20,402,420,18,S21
489,PK490,20-Jan-18, 9:35,NV3513,D,73H,20-Jan-18,10:45,NV3512,D,UZO,UZO,N,20,20,403,417,14,T14
490,PK491,20-Jan-18, 9:35,NV6655,D,320,20-Jan-18,11:15,NV6622,D,ZOU,UBP,N,20,20,403,423,20,T13
491,PK492,20-Jan-18, 9:40,GN0571,D,73H,20-Jan-18,14:15,GN966,I,LXF,CLL,N,20,20,404,459,55,Failure
492,PK493,20-Jan-18, 9:40,NV6533,D,320,20-Jan-18,11:05,NV6536,D,DLH,DLH,N,20,20,404,421,17,T17
493,PK494,20-Jan-18, 9:45,GN0493,D,738,20-Jan-18,10:50,GN0493,D,LXM,DHR,N,20,20,405,418,13,S17
494,PK495,20-Jan-18, 9:45,NV6163,I,325,20-Jan-18,11:25,NV6390,D,JDO,AVI,N,20,20,405,425,20,T9
495,PK496,20-Jan-18, 9:50,GN0181,D,738,20-Jan-18,11:05,GN0298,D,UTO,TIF,N,20,20,406,421,15,S14
496,PK497,20-Jan-18, 9:50,GN0413,D,738,20-Jan-18,11:10,GN0530,D,DBO,IOZ,N,20,20,406,422,16,S28
497,PK498,20-Jan-18, 9:50,NV6479,D,319,20-Jan-18,11:05,NV6752,D,DTY,EMD,N,20,20,406,421,15,S5
498,PK499,20-Jan-18, 9:50,NV837,I,319,20-Jan-18,13:00,NV3194,D,ILH,UTO,N,20,20,406,444,38,Failure
499,PK500,20-Jan-18, 9:55,GN0471,D,73A,20-Jan-18,11:30,GN0208,D,AIB,BPH,N,20,20,407,426,19,T20
500,PK501,20-Jan-18, 9:55,NV6313,D,325,20-Jan-18,11:00,NV6518,D,IBL,DUV,N,20,20,407,420,13,S26
